model_specification,formula,term,coefficient_log_odds,standard_error,z_statistic,p_value,odds_ratio,ci_low_log_odds,ci_high_log_odds,ci_low_odds_ratio,ci_high_odds_ratio,p_holm,p_fdr_bh
main_effects,"detected ~ C(model, Treatment(reference='Llama')) + C(prompt, Treatment(reference='evidence')) + C(parser, Treatment(reference='P1')) + C(year_num, Treatment(reference=2023)) + C(dataset_clean, Treatment(reference='nazario')) + C(obfuscation_clean, Treatment(reference='no'))",Intercept,3.8526898073764113,0.3833389437695824,10.050348053580981,9.154351987375868e-24,47.11963567112722,3.101359283716405,4.604020331036418,22.228145111497838,99.88508058782212,6.408046391163108e-23,3.6617407949503474e-23
main_effects,"detected ~ C(model, Treatment(reference='Llama')) + C(prompt, Treatment(reference='evidence')) + C(parser, Treatment(reference='P1')) + C(year_num, Treatment(reference=2023)) + C(dataset_clean, Treatment(reference='nazario')) + C(obfuscation_clean, Treatment(reference='no'))","C(model, Treatment(reference='Llama'))[T.Qwen]",-1.258586583294203,0.1259075761955659,-9.996114779775475,1.5849375545776273e-23,0.28405523130748844,-1.5053608980182447,-1.0118122685701612,0.2219371826874356,0.36355951470640474,9.509625327465763e-23,4.2265001455403394e-23
main_effects,"detected ~ C(model, Treatment(reference='Llama')) + C(prompt, Treatment(reference='evidence')) + C(parser, Treatment(reference='P1')) + C(year_num, Treatment(reference=2023)) + C(dataset_clean, Treatment(reference='nazario')) + C(obfuscation_clean, Treatment(reference='no'))","C(prompt, Treatment(reference='evidence'))[T.guided]",-0.9735915925750824,0.10932033682279138,-8.90585979581528,5.297384610642199e-19,0.3777239683517687,-1.1878555155255415,-0.7593276696246234,0.30487436187305866,0.46798095907721515,2.6486923053210996e-18,1.0594769221284398e-18
main_effects,"detected ~ C(model, Treatment(reference='Llama')) + C(prompt, Treatment(reference='evidence')) + C(parser, Treatment(reference='P1')) + C(year_num, Treatment(reference=2023)) + C(dataset_clean, Treatment(reference='nazario')) + C(obfuscation_clean, Treatment(reference='no'))","C(prompt, Treatment(reference='evidence'))[T.label]",-1.45794024868178,0.12919037715724455,-11.285207774471026,1.552742516478869e-29,0.23271511668114864,-1.7111487350591255,-1.2047317623044347,0.18065814502901267,0.2997723989871779,1.2421940131830952e-28,1.2421940131830952e-28
main_effects,"detected ~ C(model, Treatment(reference='Llama')) + C(prompt, Treatment(reference='evidence')) + C(parser, Treatment(reference='P1')) + C(year_num, Treatment(reference=2023)) + C(dataset_clean, Treatment(reference='nazario')) + C(obfuscation_clean, Treatment(reference='no'))","C(parser, Treatment(reference='P1'))[T.P2]",-0.6930089865124892,0.12828468479733604,-5.402117856915686,6.585865379135652e-08,0.5000691017983466,-0.9444423484833409,-0.44157562454163757,0.3888963791000526,0.6430224605127247,2.634346151654261e-07,1.0537384606617044e-07
main_effects,"detected ~ C(model, Treatment(reference='Llama')) + C(prompt, Treatment(reference='evidence')) + C(parser, Treatment(reference='P1')) + C(year_num, Treatment(reference=2023)) + C(dataset_clean, Treatment(reference='nazario')) + C(obfuscation_clean, Treatment(reference='no'))","C(year_num, Treatment(reference=2023))[T.2025]",-0.8177442810455472,0.2586600798634225,-3.1614630347185075,0.0015697874143752728,0.44142626589735595,-1.3247087218161093,-0.31077984027498506,0.2658803929689753,0.7328752077134941,0.004709362243125818,0.0020930498858336972
main_effects,"detected ~ C(model, Treatment(reference='Llama')) + C(prompt, Treatment(reference='evidence')) + C(parser, Treatment(reference='P1')) + C(year_num, Treatment(reference=2023)) + C(dataset_clean, Treatment(reference='nazario')) + C(obfuscation_clean, Treatment(reference='no'))","C(dataset_clean, Treatment(reference='nazario'))[T.spam_assassin]",-0.7292917421373645,0.26491271075757306,-2.752951113790663,0.005906071474526708,0.48225042681985986,-1.2485111142690841,-0.21007237000564472,0.2869316874808909,0.8105255861063636,0.011812142949053415,0.006749795970887666
main_effects,"detected ~ C(model, Treatment(reference='Llama')) + C(prompt, Treatment(reference='evidence')) + C(parser, Treatment(reference='P1')) + C(year_num, Treatment(reference=2023)) + C(dataset_clean, Treatment(reference='nazario')) + C(obfuscation_clean, Treatment(reference='no'))","C(obfuscation_clean, Treatment(reference='no'))[T.yes]",0.21907350349517854,0.2497167225245181,0.8772880777884994,0.3803301862136601,1.2449227795001223,-0.270362278990259,0.7085092859806161,0.7631029880736895,2.030961418236053,0.3803301862136601,0.3803301862136601
screen_model_X_prompt,"detected ~ C(model, Treatment(reference='Llama')) + C(prompt, Treatment(reference='evidence')) + C(parser, Treatment(reference='P1')) + C(year_num, Treatment(reference=2023)) + C(dataset_clean, Treatment(reference='nazario')) + C(obfuscation_clean, Treatment(reference='no')) + C(model, Treatment(reference='Llama')):C(prompt, Treatment(reference='evidence'))",Intercept,4.452351642523797,0.5055276552695079,8.807335456554103,1.2815572985810423e-18,85.82854491863475,3.4615356450065815,5.443167640041013,31.865873630473704,231.1732986917201,1.2815572985810424e-17,1.2815572985810422e-17
screen_model_X_prompt,"detected ~ C(model, Treatment(reference='Llama')) + C(prompt, Treatment(reference='evidence')) + C(parser, Treatment(reference='P1')) + C(year_num, Treatment(reference=2023)) + C(dataset_clean, Treatment(reference='nazario')) + C(obfuscation_clean, Treatment(reference='no')) + C(model, Treatment(reference='Llama')):C(prompt, Treatment(reference='evidence'))","C(model, Treatment(reference='Llama'))[T.Qwen]",-2.047487494620625,0.3401494177846528,-6.019376743184318,1.7508992224653583e-09,0.12905875739743577,-2.7141681028408127,-1.3808068864004377,0.06626005163442213,0.2513756396217068,1.5758093002188225e-08,7.882721441433453e-09
screen_model_X_prompt,"detected ~ C(model, Treatment(reference='Llama')) + C(prompt, Treatment(reference='evidence')) + C(parser, Treatment(reference='P1')) + C(year_num, Treatment(reference=2023)) + C(dataset_clean, Treatment(reference='nazario')) + C(obfuscation_clean, Treatment(reference='no')) + C(model, Treatment(reference='Llama')):C(prompt, Treatment(reference='evidence'))","C(prompt, Treatment(reference='evidence'))[T.guided]",-1.8385237349099324,0.326275141114833,-5.634887563385839,1.751725882187979e-08,0.159052055874032,-2.478011260545729,-1.1990362092741358,0.08390993476456758,0.30148464003381076,1.2262081175315853e-07,4.379314705469947e-08
screen_model_X_prompt,"detected ~ C(model, Treatment(reference='Llama')) + C(prompt, Treatment(reference='evidence')) + C(parser, Treatment(reference='P1')) + C(year_num, Treatment(reference=2023)) + C(dataset_clean, Treatment(reference='nazario')) + C(obfuscation_clean, Treatment(reference='no')) + C(model, Treatment(reference='Llama')):C(prompt, Treatment(reference='evidence'))","C(prompt, Treatment(reference='evidence'))[T.label]",-2.0275988770103823,0.3396010577477077,-5.970531689323245,2.364816432430036e-09,0.13165125279123607,-2.6932047193075963,-1.3619930347131681,0.06766374821896287,0.25614975252944405,1.8918531459440287e-08,7.882721441433453e-09
screen_model_X_prompt,"detected ~ C(model, Treatment(reference='Llama')) + C(prompt, Treatment(reference='evidence')) + C(parser, Treatment(reference='P1')) + C(year_num, Treatment(reference=2023)) + C(dataset_clean, Treatment(reference='nazario')) + C(obfuscation_clean, Treatment(reference='no')) + C(model, Treatment(reference='Llama')):C(prompt, Treatment(reference='evidence'))","C(parser, Treatment(reference='P1'))[T.P2]",-0.6942029949386118,0.13003887416315257,-5.33842667745365,9.375660839143962e-08,0.49947237139861295,-0.949074504888527,-0.4393314849886966,0.3870991160620332,0.6444671130444422,5.625396503486377e-07,1.8751321678287924e-07
screen_model_X_prompt,"detected ~ C(model, Treatment(reference='Llama')) + C(prompt, Treatment(reference='evidence')) + C(parser, Treatment(reference='P1')) + C(year_num, Treatment(reference=2023)) + C(dataset_clean, Treatment(reference='nazario')) + C(obfuscation_clean, Treatment(reference='no')) + C(model, Treatment(reference='Llama')):C(prompt, Treatment(reference='evidence'))","C(year_num, Treatment(reference=2023))[T.2025]",-0.7008613253740054,0.25751952393812044,-2.7215852012153294,0.006496963487205838,0.4961577664197209,-1.2055903176086218,-0.19613233313938894,0.2995151382560638,0.8219034624158017,0.02598785394882335,0.009281376410294055
screen_model_X_prompt,"detected ~ C(model, Treatment(reference='Llama')) + C(prompt, Treatment(reference='evidence')) + C(parser, Treatment(reference='P1')) + C(year_num, Treatment(reference=2023)) + C(dataset_clean, Treatment(reference='nazario')) + C(obfuscation_clean, Treatment(reference='no')) + C(model, Treatment(reference='Llama')):C(prompt, Treatment(reference='evidence'))","C(dataset_clean, Treatment(reference='nazario'))[T.spam_assassin]",-0.6508550985878306,0.26832923617730786,-2.425583987269116,0.0152837788610691,0.5215995669583996,-1.176770737494496,-0.12493945968116515,0.3082726262087279,0.8825503308457143,0.045851336583207294,0.01910472357633637
screen_model_X_prompt,"detected ~ C(model, Treatment(reference='Llama')) + C(prompt, Treatment(reference='evidence')) + C(parser, Treatment(reference='P1')) + C(year_num, Treatment(reference=2023)) + C(dataset_clean, Treatment(reference='nazario')) + C(obfuscation_clean, Treatment(reference='no')) + C(model, Treatment(reference='Llama')):C(prompt, Treatment(reference='evidence'))","C(obfuscation_clean, Treatment(reference='no'))[T.yes]",0.10268708494057999,0.24991802931537718,0.4108830612256343,0.6811582835521846,1.1081445996846402,-0.3871432516047847,0.5925174214859447,0.6789938210049826,1.8085355357029385,0.6811582835521846,0.6811582835521846
screen_model_X_prompt,"detected ~ C(model, Treatment(reference='Llama')) + C(prompt, Treatment(reference='evidence')) + C(parser, Treatment(reference='P1')) + C(year_num, Treatment(reference=2023)) + C(dataset_clean, Treatment(reference='nazario')) + C(obfuscation_clean, Treatment(reference='no')) + C(model, Treatment(reference='Llama')):C(prompt, Treatment(reference='evidence'))","C(model, Treatment(reference='Llama'))[T.Qwen]:C(prompt, Treatment(reference='evidence'))[T.guided]",1.203076252718961,0.3204826465879775,3.7539513153911055,0.0001740686863878682,3.330346167251117,0.5749418077364467,1.8312106977014753,1.7770271146749728,6.241438581398823,0.0008703434319393409,0.0002901144773131137
screen_model_X_prompt,"detected ~ C(model, Treatment(reference='Llama')) + C(prompt, Treatment(reference='evidence')) + C(parser, Treatment(reference='P1')) + C(year_num, Treatment(reference=2023)) + C(dataset_clean, Treatment(reference='nazario')) + C(obfuscation_clean, Treatment(reference='no')) + C(model, Treatment(reference='Llama')):C(prompt, Treatment(reference='evidence'))","C(model, Treatment(reference='Llama'))[T.Qwen]:C(prompt, Treatment(reference='evidence'))[T.label]",0.7208453555641365,0.35935808880004905,2.0059249479290924,0.04486425605376554,2.0561706714722723,0.016516443962893868,1.4251742671653793,1.016653594462586,4.158582483995068,0.08972851210753108,0.04984917339307282
screen_model_X_parser,"detected ~ C(model, Treatment(reference='Llama')) + C(prompt, Treatment(reference='evidence')) + C(parser, Treatment(reference='P1')) + C(year_num, Treatment(reference=2023)) + C(dataset_clean, Treatment(reference='nazario')) + C(obfuscation_clean, Treatment(reference='no')) + C(model, Treatment(reference='Llama')):C(parser, Treatment(reference='P1'))",Intercept,3.686097826420194,0.3829687494565481,9.625061657513706,6.266932868543056e-22,39.88888949791781,2.935492870281016,4.4367027825593714,18.830781981169906,84.49588057299812,5.013546294834445e-21,2.8201197908443752e-21
screen_model_X_parser,"detected ~ C(model, Treatment(reference='Llama')) + C(prompt, Treatment(reference='evidence')) + C(parser, Treatment(reference='P1')) + C(year_num, Treatment(reference=2023)) + C(dataset_clean, Treatment(reference='nazario')) + C(obfuscation_clean, Treatment(reference='no')) + C(model, Treatment(reference='Llama')):C(parser, Treatment(reference='P1'))","C(model, Treatment(reference='Llama'))[T.Qwen]",-1.0039043824568,0.16669633084452584,-6.02235440558749,1.7189797917078214e-09,0.366445899503684,-1.3306231872670438,-0.677185577646556,0.26431249378400073,0.5080448348870009,1.0313878750246929e-08,3.867704531342598e-09
screen_model_X_parser,"detected ~ C(model, Treatment(reference='Llama')) + C(prompt, Treatment(reference='evidence')) + C(parser, Treatment(reference='P1')) + C(year_num, Treatment(reference=2023)) + C(dataset_clean, Treatment(reference='nazario')) + C(obfuscation_clean, Treatment(reference='no')) + C(model, Treatment(reference='Llama')):C(parser, Treatment(reference='P1'))","C(prompt, Treatment(reference='evidence'))[T.guided]",-0.9743661433812972,0.10894071845273706,-8.944003281968598,3.7532140062097245e-19,0.3774315152220798,-1.18788602799858,-0.7608462587640146,0.30486505954423115,0.46727082761075517,2.6272498043468073e-18,1.1259642018629175e-18
screen_model_X_parser,"detected ~ C(model, Treatment(reference='Llama')) + C(prompt, Treatment(reference='evidence')) + C(parser, Treatment(reference='P1')) + C(year_num, Treatment(reference=2023)) + C(dataset_clean, Treatment(reference='nazario')) + C(obfuscation_clean, Treatment(reference='no')) + C(model, Treatment(reference='Llama')):C(parser, Treatment(reference='P1'))","C(prompt, Treatment(reference='evidence'))[T.label]",-1.4593363633607221,0.1282410904764211,-11.379631582507804,5.282240565933744e-30,0.2323904463819592,-1.71068428203265,-1.2079884446887943,0.18074207173972753,0.298797723461835,4.7540165093403697e-29,4.7540165093403697e-29
screen_model_X_parser,"detected ~ C(model, Treatment(reference='Llama')) + C(prompt, Treatment(reference='evidence')) + C(parser, Treatment(reference='P1')) + C(year_num, Treatment(reference=2023)) + C(dataset_clean, Treatment(reference='nazario')) + C(obfuscation_clean, Treatment(reference='no')) + C(model, Treatment(reference='Llama')):C(parser, Treatment(reference='P1'))","C(parser, Treatment(reference='P1'))[T.P2]",-0.4134314617911155,0.1681669070101395,-2.458459093656209,0.013953467175896246,0.6613768624126155,-0.7430325429224853,-0.08383038065974574,0.4756692387226439,0.9195872226452904,0.04186040152768874,0.017940172083295174
screen_model_X_parser,"detected ~ C(model, Treatment(reference='Llama')) + C(prompt, Treatment(reference='evidence')) + C(parser, Treatment(reference='P1')) + C(year_num, Treatment(reference=2023)) + C(dataset_clean, Treatment(reference='nazario')) + C(obfuscation_clean, Treatment(reference='no')) + C(model, Treatment(reference='Llama')):C(parser, Treatment(reference='P1'))","C(year_num, Treatment(reference=2023))[T.2025]",-0.8537940460048192,0.2630021007500993,-3.2463392633357016,0.0011689943956374863,0.4257963724199909,-1.3692686913333887,-0.3383194006762499,0.25429285814090674,0.7129675292161042,0.005844971978187431,0.0021041899121474754
screen_model_X_parser,"detected ~ C(model, Treatment(reference='Llama')) + C(prompt, Treatment(reference='evidence')) + C(parser, Treatment(reference='P1')) + C(year_num, Treatment(reference=2023)) + C(dataset_clean, Treatment(reference='nazario')) + C(obfuscation_clean, Treatment(reference='no')) + C(model, Treatment(reference='Llama')):C(parser, Treatment(reference='P1'))","C(dataset_clean, Treatment(reference='nazario'))[T.spam_assassin]",-0.7442345890397936,0.26942791891122014,-2.762277168777851,0.005739972792997537,0.47509780587423867,-1.2723036065353632,-0.216165571544224,0.280185440778254,0.8056019060788913,0.022959891171990147,0.008609959189496306
screen_model_X_parser,"detected ~ C(model, Treatment(reference='Llama')) + C(prompt, Treatment(reference='evidence')) + C(parser, Treatment(reference='P1')) + C(year_num, Treatment(reference=2023)) + C(dataset_clean, Treatment(reference='nazario')) + C(obfuscation_clean, Treatment(reference='no')) + C(model, Treatment(reference='Llama')):C(parser, Treatment(reference='P1'))","C(obfuscation_clean, Treatment(reference='no'))[T.yes]",0.2399293059546313,0.25227020692894553,0.9510806245234097,0.34156344957713136,1.27115928375285,-0.25451121399856874,0.7343698259078313,0.7752953588809767,2.0841681897893616,0.34156344957713136,0.34156344957713136
screen_model_X_parser,"detected ~ C(model, Treatment(reference='Llama')) + C(prompt, Treatment(reference='evidence')) + C(parser, Treatment(reference='P1')) + C(year_num, Treatment(reference=2023)) + C(dataset_clean, Treatment(reference='nazario')) + C(obfuscation_clean, Treatment(reference='no')) + C(model, Treatment(reference='Llama')):C(parser, Treatment(reference='P1'))","C(model, Treatment(reference='Llama'))[T.Qwen]:C(parser, Treatment(reference='P1'))[T.P2]",-0.4412535567752607,0.2226309461237012,-1.9819956050947447,0.047479732537076436,0.6432295906734959,-0.8776021930217922,-0.004904920528729151,0.4157786743879428,0.9951070889507635,0.09495946507415287,0.05341469910421099
screen_model_X_year,"detected ~ C(model, Treatment(reference='Llama')) + C(prompt, Treatment(reference='evidence')) + C(parser, Treatment(reference='P1')) + C(year_num, Treatment(reference=2023)) + C(dataset_clean, Treatment(reference='nazario')) + C(obfuscation_clean, Treatment(reference='no')) + C(model, Treatment(reference='Llama')):C(year_num, Treatment(reference=2023))",Intercept,4.113080874937815,0.42345786075091113,9.71308188173471,2.651949257747466e-22,61.13477632833163,3.2831187188956514,4.943043030979978,26.658784442220476,140.1962225552935,2.1215594061979727e-21,1.1933771659863597e-21
screen_model_X_year,"detected ~ C(model, Treatment(reference='Llama')) + C(prompt, Treatment(reference='evidence')) + C(parser, Treatment(reference='P1')) + C(year_num, Treatment(reference=2023)) + C(dataset_clean, Treatment(reference='nazario')) + C(obfuscation_clean, Treatment(reference='no')) + C(model, Treatment(reference='Llama')):C(year_num, Treatment(reference=2023))","C(model, Treatment(reference='Llama'))[T.Qwen]",-1.5326473921411643,0.23957908151731777,-6.397250471261942,1.5819970884599108e-10,0.21596317063804665,-2.002213763364293,-1.0630810209180357,0.13503601432218681,0.34539001544253184,9.491982530759464e-10,3.5594934490347994e-10
screen_model_X_year,"detected ~ C(model, Treatment(reference='Llama')) + C(prompt, Treatment(reference='evidence')) + C(parser, Treatment(reference='P1')) + C(year_num, Treatment(reference=2023)) + C(dataset_clean, Treatment(reference='nazario')) + C(obfuscation_clean, Treatment(reference='no')) + C(model, Treatment(reference='Llama')):C(year_num, Treatment(reference=2023))","C(prompt, Treatment(reference='evidence'))[T.guided]",-0.9752771054781115,0.10943902602198478,-8.91160256928997,5.030015608954021e-19,0.37708784597616396,-1.1897736549843434,-0.7607805559718795,0.30429013082701223,0.4673015296174052,3.521010926267814e-18,1.5090046826862062e-18
screen_model_X_year,"detected ~ C(model, Treatment(reference='Llama')) + C(prompt, Treatment(reference='evidence')) + C(parser, Treatment(reference='P1')) + C(year_num, Treatment(reference=2023)) + C(dataset_clean, Treatment(reference='nazario')) + C(obfuscation_clean, Treatment(reference='no')) + C(model, Treatment(reference='Llama')):C(year_num, Treatment(reference=2023))","C(prompt, Treatment(reference='evidence'))[T.label]",-1.462608754750727,0.12970315992542275,-11.276585363006603,1.7126536955365393e-29,0.23163121681177398,-1.7168222768855943,-1.2083952326158596,0.17963607560533182,0.2986762008739327,1.5413883259828853e-28,1.5413883259828856e-28
screen_model_X_year,"detected ~ C(model, Treatment(reference='Llama')) + C(prompt, Treatment(reference='evidence')) + C(parser, Treatment(reference='P1')) + C(year_num, Treatment(reference=2023)) + C(dataset_clean, Treatment(reference='nazario')) + C(obfuscation_clean, Treatment(reference='no')) + C(model, Treatment(reference='Llama')):C(year_num, Treatment(reference=2023))","C(parser, Treatment(reference='P1'))[T.P2]",-0.6962327835924975,0.1292568437315317,-5.386428783907046,7.187138758511115e-08,0.49845957627397486,-0.9495715420616215,-0.4428940251233735,0.386906761219392,0.6421752579256232,3.593569379255558e-07,1.2936849765320007e-07
screen_model_X_year,"detected ~ C(model, Treatment(reference='Llama')) + C(prompt, Treatment(reference='evidence')) + C(parser, Treatment(reference='P1')) + C(year_num, Treatment(reference=2023)) + C(dataset_clean, Treatment(reference='nazario')) + C(obfuscation_clean, Treatment(reference='no')) + C(model, Treatment(reference='Llama')):C(year_num, Treatment(reference=2023))","C(year_num, Treatment(reference=2023))[T.2025]",-1.1890134923161086,0.3402169460988359,-3.494868512430566,0.00047429535139530436,0.304521528763673,-1.8558264536000317,-0.5222005310321854,0.156323694993208,0.5932137254342256,0.0018971814055812174,0.0007114430270929565
screen_model_X_year,"detected ~ C(model, Treatment(reference='Llama')) + C(prompt, Treatment(reference='evidence')) + C(parser, Treatment(reference='P1')) + C(year_num, Treatment(reference=2023)) + C(dataset_clean, Treatment(reference='nazario')) + C(obfuscation_clean, Treatment(reference='no')) + C(model, Treatment(reference='Llama')):C(year_num, Treatment(reference=2023))","C(dataset_clean, Treatment(reference='nazario'))[T.spam_assassin]",-0.7213628031823399,0.2657154256215793,-2.714794602138283,0.006631688693775879,0.4860893602373344,-1.242155467537367,-0.200570138827313,0.2887611314140859,0.8182640959288576,0.019895066081327635,0.008526456891997559
screen_model_X_year,"detected ~ C(model, Treatment(reference='Llama')) + C(prompt, Treatment(reference='evidence')) + C(parser, Treatment(reference='P1')) + C(year_num, Treatment(reference=2023)) + C(dataset_clean, Treatment(reference='nazario')) + C(obfuscation_clean, Treatment(reference='no')) + C(model, Treatment(reference='Llama')):C(year_num, Treatment(reference=2023))","C(obfuscation_clean, Treatment(reference='no'))[T.yes]",0.20454332010157977,0.25044458649696383,0.8167208681272872,0.4140879629128378,1.2269646069259024,-0.28631904955549564,0.6954056897586551,0.7510229641756361,2.0045221231035053,0.4140879629128378,0.4140879629128378
screen_model_X_year,"detected ~ C(model, Treatment(reference='Llama')) + C(prompt, Treatment(reference='evidence')) + C(parser, Treatment(reference='P1')) + C(year_num, Treatment(reference=2023)) + C(dataset_clean, Treatment(reference='nazario')) + C(obfuscation_clean, Treatment(reference='no')) + C(model, Treatment(reference='Llama')):C(year_num, Treatment(reference=2023))","C(model, Treatment(reference='Llama'))[T.Qwen]:C(year_num, Treatment(reference=2023))[T.2025]",0.4316593725912514,0.2786299101036121,1.54922123195867,0.12132854719312074,1.5398105241523554,-0.11444521622746118,0.977763961409964,0.8918607965788119,2.658505070954568,0.24265709438624147,0.13649461559226084
screen_model_X_dataset,"detected ~ C(model, Treatment(reference='Llama')) + C(prompt, Treatment(reference='evidence')) + C(parser, Treatment(reference='P1')) + C(year_num, Treatment(reference=2023)) + C(dataset_clean, Treatment(reference='nazario')) + C(obfuscation_clean, Treatment(reference='no')) + C(model, Treatment(reference='Llama')):C(dataset_clean, Treatment(reference='nazario'))",Intercept,4.095672564372284,0.41830792763989244,9.791046962653107,1.2301542870760272e-22,60.079733060130636,3.2758040917505085,4.91554103699406,26.464496810933078,136.39308354751554,9.841234296608218e-22,5.535694291842123e-22
screen_model_X_dataset,"detected ~ C(model, Treatment(reference='Llama')) + C(prompt, Treatment(reference='evidence')) + C(parser, Treatment(reference='P1')) + C(year_num, Treatment(reference=2023)) + C(dataset_clean, Treatment(reference='nazario')) + C(obfuscation_clean, Treatment(reference='no')) + C(model, Treatment(reference='Llama')):C(dataset_clean, Treatment(reference='nazario'))","C(model, Treatment(reference='Llama'))[T.Qwen]",-1.5100969390165178,0.2588642476675352,-5.833547709361422,5.4261082572366515e-09,0.22088856420130695,-2.0174615413299435,-1.002732336703092,0.13299263325827437,0.36687564265428385,3.2556649543419906e-08,1.2208743578782466e-08
screen_model_X_dataset,"detected ~ C(model, Treatment(reference='Llama')) + C(prompt, Treatment(reference='evidence')) + C(parser, Treatment(reference='P1')) + C(year_num, Treatment(reference=2023)) + C(dataset_clean, Treatment(reference='nazario')) + C(obfuscation_clean, Treatment(reference='no')) + C(model, Treatment(reference='Llama')):C(dataset_clean, Treatment(reference='nazario'))","C(prompt, Treatment(reference='evidence'))[T.guided]",-0.9754754061892295,0.10960588059107376,-8.899845527710413,5.592446540660262e-19,0.377013076601808,-1.1902989846415317,-0.7606518277369272,0.3041303201772113,0.46736168839048664,3.914712578462184e-18,1.6777339621980788e-18
screen_model_X_dataset,"detected ~ C(model, Treatment(reference='Llama')) + C(prompt, Treatment(reference='evidence')) + C(parser, Treatment(reference='P1')) + C(year_num, Treatment(reference=2023)) + C(dataset_clean, Treatment(reference='nazario')) + C(obfuscation_clean, Treatment(reference='no')) + C(model, Treatment(reference='Llama')):C(dataset_clean, Treatment(reference='nazario'))","C(prompt, Treatment(reference='evidence'))[T.label]",-1.4620221787976126,0.1294172202459303,-11.296967868876692,1.3582711386312303e-29,0.23176712597017157,-1.715675269458924,-1.2083690881363014,0.1798422377302906,0.2986840097098395,1.2224440247681073e-28,1.2224440247681073e-28
screen_model_X_dataset,"detected ~ C(model, Treatment(reference='Llama')) + C(prompt, Treatment(reference='evidence')) + C(parser, Treatment(reference='P1')) + C(year_num, Treatment(reference=2023)) + C(dataset_clean, Treatment(reference='nazario')) + C(obfuscation_clean, Treatment(reference='no')) + C(model, Treatment(reference='Llama')):C(dataset_clean, Treatment(reference='nazario'))","C(parser, Treatment(reference='P1'))[T.P2]",-0.6955645482519757,0.12918076443596258,-5.384428179295847,7.267531471412057e-08,0.4987927758941446,-0.9487541940418149,-0.44237490246213634,0.38722312796777947,0.6425087121988446,3.633765735706028e-07,1.3081556648541702e-07
screen_model_X_dataset,"detected ~ C(model, Treatment(reference='Llama')) + C(prompt, Treatment(reference='evidence')) + C(parser, Treatment(reference='P1')) + C(year_num, Treatment(reference=2023)) + C(dataset_clean, Treatment(reference='nazario')) + C(obfuscation_clean, Treatment(reference='no')) + C(model, Treatment(reference='Llama')):C(dataset_clean, Treatment(reference='nazario'))","C(year_num, Treatment(reference=2023))[T.2025]",-0.809144270757933,0.26028967220065086,-3.108629950304689,0.0018795696882609337,0.4452389072039195,-1.3193026538189452,-0.2989858876969208,0.2673216527164416,0.7415698746199915,0.007518278753043735,0.0028193545323914005
screen_model_X_dataset,"detected ~ C(model, Treatment(reference='Llama')) + C(prompt, Treatment(reference='evidence')) + C(parser, Treatment(reference='P1')) + C(year_num, Treatment(reference=2023)) + C(dataset_clean, Treatment(reference='nazario')) + C(obfuscation_clean, Treatment(reference='no')) + C(model, Treatment(reference='Llama')):C(dataset_clean, Treatment(reference='nazario'))","C(dataset_clean, Treatment(reference='nazario'))[T.spam_assassin]",-1.0513657549895359,0.34426491008046833,-3.053943995464975,0.002258542394562584,0.3494601461028645,-1.726112579888174,-0.37661893009089775,0.17797493025232772,0.686177505680681,0.007518278753043735,0.0029038402215804653
screen_model_X_dataset,"detected ~ C(model, Treatment(reference='Llama')) + C(prompt, Treatment(reference='evidence')) + C(parser, Treatment(reference='P1')) + C(year_num, Treatment(reference=2023)) + C(dataset_clean, Treatment(reference='nazario')) + C(obfuscation_clean, Treatment(reference='no')) + C(model, Treatment(reference='Llama')):C(dataset_clean, Treatment(reference='nazario'))","C(obfuscation_clean, Treatment(reference='no'))[T.yes]",0.204573857912229,0.2516906570256453,0.8127987758059074,0.41633343754210417,1.2270020763108556,-0.2887307651032589,0.697878480927717,0.74921389277587,2.0094850212842177,0.4219305919873304,0.41633343754210417
screen_model_X_dataset,"detected ~ C(model, Treatment(reference='Llama')) + C(prompt, Treatment(reference='evidence')) + C(parser, Treatment(reference='P1')) + C(year_num, Treatment(reference=2023)) + C(dataset_clean, Treatment(reference='nazario')) + C(obfuscation_clean, Treatment(reference='no')) + C(model, Treatment(reference='Llama')):C(dataset_clean, Treatment(reference='nazario'))","C(model, Treatment(reference='Llama'))[T.Qwen]:C(dataset_clean, Treatment(reference='nazario'))[T.spam_assassin]",0.3656325411132264,0.29229195045068584,1.250915533422855,0.2109652959936652,1.4414254807250984,-0.20724915474108385,0.9385142369675367,0.812817107520438,2.556180716744249,0.4219305919873304,0.23733595799287335
screen_model_X_obfuscation,"detected ~ C(model, Treatment(reference='Llama')) + C(prompt, Treatment(reference='evidence')) + C(parser, Treatment(reference='P1')) + C(year_num, Treatment(reference=2023)) + C(dataset_clean, Treatment(reference='nazario')) + C(obfuscation_clean, Treatment(reference='no')) + C(model, Treatment(reference='Llama')):C(obfuscation_clean, Treatment(reference='no'))",Intercept,3.61524646389527,0.38234932944615996,9.45534929832889,3.2194525167205695e-21,37.16050351953967,2.865855548667757,4.364637379122784,17.564073698141588,78.62088519771072,2.5755620133764556e-20,1.4487536325242565e-20
screen_model_X_obfuscation,"detected ~ C(model, Treatment(reference='Llama')) + C(prompt, Treatment(reference='evidence')) + C(parser, Treatment(reference='P1')) + C(year_num, Treatment(reference=2023)) + C(dataset_clean, Treatment(reference='nazario')) + C(obfuscation_clean, Treatment(reference='no')) + C(model, Treatment(reference='Llama')):C(obfuscation_clean, Treatment(reference='no'))","C(model, Treatment(reference='Llama'))[T.Qwen]",-0.9454308726945692,0.1621127695709474,-5.831933383142953,5.478879404994103e-09,0.38851213556196296,-1.2631660624876668,-0.6276956829014715,0.2827573802949454,0.5338204764857745,3.287327642996462e-08,1.2327478661236732e-08
screen_model_X_obfuscation,"detected ~ C(model, Treatment(reference='Llama')) + C(prompt, Treatment(reference='evidence')) + C(parser, Treatment(reference='P1')) + C(year_num, Treatment(reference=2023)) + C(dataset_clean, Treatment(reference='nazario')) + C(obfuscation_clean, Treatment(reference='no')) + C(model, Treatment(reference='Llama')):C(obfuscation_clean, Treatment(reference='no'))","C(prompt, Treatment(reference='evidence'))[T.guided]",-0.9771417882038205,0.10919948406130418,-8.948227151469476,3.612370825100108e-19,0.3763853519514838,-1.1911688440943324,-0.7631147323133086,0.30386588457090163,0.46621203747071893,2.5286595775700756e-18,1.0837112475300326e-18
screen_model_X_obfuscation,"detected ~ C(model, Treatment(reference='Llama')) + C(prompt, Treatment(reference='evidence')) + C(parser, Treatment(reference='P1')) + C(year_num, Treatment(reference=2023)) + C(dataset_clean, Treatment(reference='nazario')) + C(obfuscation_clean, Treatment(reference='no')) + C(model, Treatment(reference='Llama')):C(obfuscation_clean, Treatment(reference='no'))","C(prompt, Treatment(reference='evidence'))[T.label]",-1.4655538566625887,0.12829655679955593,-11.423173725170942,3.203187646405981e-30,0.23095004282804957,-1.7170104873302159,-1.2140972259949616,0.1796022694011122,0.29697799732784236,2.8828688817653825e-29,2.882868881765383e-29
screen_model_X_obfuscation,"detected ~ C(model, Treatment(reference='Llama')) + C(prompt, Treatment(reference='evidence')) + C(parser, Treatment(reference='P1')) + C(year_num, Treatment(reference=2023)) + C(dataset_clean, Treatment(reference='nazario')) + C(obfuscation_clean, Treatment(reference='no')) + C(model, Treatment(reference='Llama')):C(obfuscation_clean, Treatment(reference='no'))","C(parser, Treatment(reference='P1'))[T.P2]",-0.6975981272170331,0.1287680913018634,-5.417476644751185,6.044604243010676e-08,0.4977794720630468,-0.9499789485266508,-0.44521730590741543,0.38674916500854506,0.6406850362608821,3.022302121505338e-07,1.0880287637419217e-07
screen_model_X_obfuscation,"detected ~ C(model, Treatment(reference='Llama')) + C(prompt, Treatment(reference='evidence')) + C(parser, Treatment(reference='P1')) + C(year_num, Treatment(reference=2023)) + C(dataset_clean, Treatment(reference='nazario')) + C(obfuscation_clean, Treatment(reference='no')) + C(model, Treatment(reference='Llama')):C(obfuscation_clean, Treatment(reference='no'))","C(year_num, Treatment(reference=2023))[T.2025]",-0.8285094621997474,0.26085187366142504,-3.176168338645397,0.0014923432512214917,0.4366997188923153,-1.339769739875933,-0.317249184523562,0.26190596813848516,0.7281492889837062,0.005969373004885967,0.0022385148768322375
screen_model_X_obfuscation,"detected ~ C(model, Treatment(reference='Llama')) + C(prompt, Treatment(reference='evidence')) + C(parser, Treatment(reference='P1')) + C(year_num, Treatment(reference=2023)) + C(dataset_clean, Treatment(reference='nazario')) + C(obfuscation_clean, Treatment(reference='no')) + C(model, Treatment(reference='Llama')):C(obfuscation_clean, Treatment(reference='no'))","C(dataset_clean, Treatment(reference='nazario'))[T.spam_assassin]",-0.7321178677056134,0.26764561686928173,-2.735400176806109,0.00623044804422349,0.4808894506090003,-1.2566936373894115,-0.20754209802181522,0.2845934417352275,0.8125790330831824,0.011211988003957084,0.00623044804422349
screen_model_X_obfuscation,"detected ~ C(model, Treatment(reference='Llama')) + C(prompt, Treatment(reference='evidence')) + C(parser, Treatment(reference='P1')) + C(year_num, Treatment(reference=2023)) + C(dataset_clean, Treatment(reference='nazario')) + C(obfuscation_clean, Treatment(reference='no')) + C(model, Treatment(reference='Llama')):C(obfuscation_clean, Treatment(reference='no'))","C(obfuscation_clean, Treatment(reference='no'))[T.yes]",0.839586352127818,0.303102085024772,2.769978807830372,0.005605994001978542,2.3154090146531106,0.2455171818402676,1.4336555224153682,1.2782822466434691,4.194002474190804,0.011211988003957084,0.00623044804422349
screen_model_X_obfuscation,"detected ~ C(model, Treatment(reference='Llama')) + C(prompt, Treatment(reference='evidence')) + C(parser, Treatment(reference='P1')) + C(year_num, Treatment(reference=2023)) + C(dataset_clean, Treatment(reference='nazario')) + C(obfuscation_clean, Treatment(reference='no')) + C(model, Treatment(reference='Llama')):C(obfuscation_clean, Treatment(reference='no'))","C(model, Treatment(reference='Llama'))[T.Qwen]:C(obfuscation_clean, Treatment(reference='no'))[T.yes]",-0.7482751091849463,0.24292163799377842,-3.0803147688478485,0.002067819317565063,0.47318203657727687,-1.2243927707182287,-0.27215744765166383,0.2939361327701355,0.7617343183681166,0.006203457952695189,0.002658624836869367
screen_prompt_X_parser,"detected ~ C(model, Treatment(reference='Llama')) + C(prompt, Treatment(reference='evidence')) + C(parser, Treatment(reference='P1')) + C(year_num, Treatment(reference=2023)) + C(dataset_clean, Treatment(reference='nazario')) + C(obfuscation_clean, Treatment(reference='no')) + C(prompt, Treatment(reference='evidence')):C(parser, Treatment(reference='P1'))",Intercept,3.8411597469666114,0.3920682217195706,9.797171854734064,1.1578198266355515e-22,46.57946351842467,3.0727201529135884,4.609599341019634,21.600579713406134,100.4438978236167,1.0420378439719963e-21,5.789099133177757e-22
screen_prompt_X_parser,"detected ~ C(model, Treatment(reference='Llama')) + C(prompt, Treatment(reference='evidence')) + C(parser, Treatment(reference='P1')) + C(year_num, Treatment(reference=2023)) + C(dataset_clean, Treatment(reference='nazario')) + C(obfuscation_clean, Treatment(reference='no')) + C(prompt, Treatment(reference='evidence')):C(parser, Treatment(reference='P1'))","C(model, Treatment(reference='Llama'))[T.Qwen]",-1.2612298069615735,0.12612375787739036,-9.999938379473774,1.5249191874952508e-23,0.2833054012181409,-1.5084278299961085,-1.0140317839270385,0.22125755915705916,0.3627534836104652,1.524919187495251e-22,1.5249191874952507e-22
screen_prompt_X_parser,"detected ~ C(model, Treatment(reference='Llama')) + C(prompt, Treatment(reference='evidence')) + C(parser, Treatment(reference='P1')) + C(year_num, Treatment(reference=2023)) + C(dataset_clean, Treatment(reference='nazario')) + C(obfuscation_clean, Treatment(reference='no')) + C(prompt, Treatment(reference='evidence')):C(parser, Treatment(reference='P1'))","C(prompt, Treatment(reference='evidence'))[T.guided]",-1.1662058808765838,0.14899867268386913,-7.826954830335475,4.998285654969791e-15,0.3115467471593599,-1.4582379130812393,-0.8741738486719284,0.2326458559844299,0.41720655308845944,3.498799958478853e-14,1.2495714137424477e-14
screen_prompt_X_parser,"detected ~ C(model, Treatment(reference='Llama')) + C(prompt, Treatment(reference='evidence')) + C(parser, Treatment(reference='P1')) + C(year_num, Treatment(reference=2023)) + C(dataset_clean, Treatment(reference='nazario')) + C(obfuscation_clean, Treatment(reference='no')) + C(prompt, Treatment(reference='evidence')):C(parser, Treatment(reference='P1'))","C(prompt, Treatment(reference='evidence'))[T.label]",-1.3006362885816682,0.16284364480742036,-7.987025162202717,1.3823388497824212e-15,0.27235843932330556,-1.6198039675154452,-0.9814686096478913,0.19793749746003303,0.37476031789077635,1.105871079825937e-14,4.607796165941404e-15
screen_prompt_X_parser,"detected ~ C(model, Treatment(reference='Llama')) + C(prompt, Treatment(reference='evidence')) + C(parser, Treatment(reference='P1')) + C(year_num, Treatment(reference=2023)) + C(dataset_clean, Treatment(reference='nazario')) + C(obfuscation_clean, Treatment(reference='no')) + C(prompt, Treatment(reference='evidence')):C(parser, Treatment(reference='P1'))","C(parser, Treatment(reference='P1'))[T.P2]",-0.7044361542472157,0.182305505789991,-3.864042126400172,0.00011152597488454585,0.4943872538359158,-1.0617483797789564,-0.3471239287154751,0.3458506032170816,0.7067177402087769,0.0006691558493072752,0.0002230519497690917
screen_prompt_X_parser,"detected ~ C(model, Treatment(reference='Llama')) + C(prompt, Treatment(reference='evidence')) + C(parser, Treatment(reference='P1')) + C(year_num, Treatment(reference=2023)) + C(dataset_clean, Treatment(reference='nazario')) + C(obfuscation_clean, Treatment(reference='no')) + C(prompt, Treatment(reference='evidence')):C(parser, Treatment(reference='P1'))","C(year_num, Treatment(reference=2023))[T.2025]",-0.8309694463960078,0.2633924222956825,-3.154872259245056,0.00160568391234848,0.43562676475152745,-1.3472091078963102,-0.31472978489570536,0.2599647828035911,0.7299861008914366,0.008028419561742401,0.0026761398539141335
screen_prompt_X_parser,"detected ~ C(model, Treatment(reference='Llama')) + C(prompt, Treatment(reference='evidence')) + C(parser, Treatment(reference='P1')) + C(year_num, Treatment(reference=2023)) + C(dataset_clean, Treatment(reference='nazario')) + C(obfuscation_clean, Treatment(reference='no')) + C(prompt, Treatment(reference='evidence')):C(parser, Treatment(reference='P1'))","C(dataset_clean, Treatment(reference='nazario'))[T.spam_assassin]",-0.7362222469943223,0.26876445325678944,-2.7392842992183306,0.006157310355548668,0.47891974288668127,-1.2629908957022284,-0.20945359828641608,0.28280691433454325,0.8110272716151529,0.02462924142219467,0.008796157650783811
screen_prompt_X_parser,"detected ~ C(model, Treatment(reference='Llama')) + C(prompt, Treatment(reference='evidence')) + C(parser, Treatment(reference='P1')) + C(year_num, Treatment(reference=2023)) + C(dataset_clean, Treatment(reference='nazario')) + C(obfuscation_clean, Treatment(reference='no')) + C(prompt, Treatment(reference='evidence')):C(parser, Treatment(reference='P1'))","C(obfuscation_clean, Treatment(reference='no'))[T.yes]",0.2478331213585834,0.25299444486651573,0.9795990638819934,0.3272840672143216,1.2812461017438705,-0.2480268788684918,0.7436931215856586,0.7803389683676348,2.103690370183429,0.3272840672143216,0.3272840672143216
screen_prompt_X_parser,"detected ~ C(model, Treatment(reference='Llama')) + C(prompt, Treatment(reference='evidence')) + C(parser, Treatment(reference='P1')) + C(year_num, Treatment(reference=2023)) + C(dataset_clean, Treatment(reference='nazario')) + C(obfuscation_clean, Treatment(reference='no')) + C(prompt, Treatment(reference='evidence')):C(parser, Treatment(reference='P1'))","C(prompt, Treatment(reference='evidence'))[T.guided]:C(parser, Treatment(reference='P1'))[T.P2]",0.3544687889486711,0.16522023621619117,2.145432043111521,0.03191831941857488,1.4254232525446313,0.030643076447736117,0.6782945014496061,1.0311174081113004,1.9705141557222132,0.09575495825572464,0.039897899273218594
screen_prompt_X_parser,"detected ~ C(model, Treatment(reference='Llama')) + C(prompt, Treatment(reference='evidence')) + C(parser, Treatment(reference='P1')) + C(year_num, Treatment(reference=2023)) + C(dataset_clean, Treatment(reference='nazario')) + C(obfuscation_clean, Treatment(reference='no')) + C(prompt, Treatment(reference='evidence')):C(parser, Treatment(reference='P1'))","C(prompt, Treatment(reference='evidence'))[T.label]:C(parser, Treatment(reference='P1'))[T.P2]",-0.28206430861519255,0.17717627930252816,-1.591998148542042,0.11138512056098165,0.7542251797966134,-0.6293234349629572,0.06519481773257207,0.5329522559203205,1.0673669461383817,0.2227702411219633,0.12376124506775739
screen_prompt_X_year,"detected ~ C(model, Treatment(reference='Llama')) + C(prompt, Treatment(reference='evidence')) + C(parser, Treatment(reference='P1')) + C(year_num, Treatment(reference=2023)) + C(dataset_clean, Treatment(reference='nazario')) + C(obfuscation_clean, Treatment(reference='no')) + C(prompt, Treatment(reference='evidence')):C(year_num, Treatment(reference=2023))",Intercept,3.725759192381811,0.38850374701262946,9.590021257274243,8.80668667070647e-22,41.502729343270914,2.9643058403781968,4.487212544385425,19.38124489326563,88.87336971523985,7.926018003635824e-21,4.403343335353235e-21
screen_prompt_X_year,"detected ~ C(model, Treatment(reference='Llama')) + C(prompt, Treatment(reference='evidence')) + C(parser, Treatment(reference='P1')) + C(year_num, Treatment(reference=2023)) + C(dataset_clean, Treatment(reference='nazario')) + C(obfuscation_clean, Treatment(reference='no')) + C(prompt, Treatment(reference='evidence')):C(year_num, Treatment(reference=2023))","C(model, Treatment(reference='Llama'))[T.Qwen]",-1.2569416808938743,0.1252823097216935,-10.03287442326126,1.0928783538431384e-23,0.2845228589347569,-1.5024904958483858,-1.0113928659393627,0.22257514682699261,0.36371202450259377,1.0928783538431385e-22,1.0928783538431383e-22
screen_prompt_X_year,"detected ~ C(model, Treatment(reference='Llama')) + C(prompt, Treatment(reference='evidence')) + C(parser, Treatment(reference='P1')) + C(year_num, Treatment(reference=2023)) + C(dataset_clean, Treatment(reference='nazario')) + C(obfuscation_clean, Treatment(reference='no')) + C(prompt, Treatment(reference='evidence')):C(year_num, Treatment(reference=2023))","C(prompt, Treatment(reference='evidence'))[T.guided]",-0.8993142203368705,0.15019908557814104,-5.98748132770091,2.1311539987349055e-09,0.406848572570337,-1.1936990185808765,-0.6049294220928646,0.3030980226843469,0.546112968789978,1.4918077991144337e-08,5.327884996837264e-09
screen_prompt_X_year,"detected ~ C(model, Treatment(reference='Llama')) + C(prompt, Treatment(reference='evidence')) + C(parser, Treatment(reference='P1')) + C(year_num, Treatment(reference=2023)) + C(dataset_clean, Treatment(reference='nazario')) + C(obfuscation_clean, Treatment(reference='no')) + C(prompt, Treatment(reference='evidence')):C(year_num, Treatment(reference=2023))","C(prompt, Treatment(reference='evidence'))[T.label]",-1.2930958205713567,0.15298433794670033,-8.452471919196531,2.851991643318333e-17,0.2744199118886234,-1.5929396131455937,-0.9932520279971198,0.20332702955630097,0.3703702759308134,2.281593314654666e-16,9.50663881106111e-17
screen_prompt_X_year,"detected ~ C(model, Treatment(reference='Llama')) + C(prompt, Treatment(reference='evidence')) + C(parser, Treatment(reference='P1')) + C(year_num, Treatment(reference=2023)) + C(dataset_clean, Treatment(reference='nazario')) + C(obfuscation_clean, Treatment(reference='no')) + C(prompt, Treatment(reference='evidence')):C(year_num, Treatment(reference=2023))","C(parser, Treatment(reference='P1'))[T.P2]",-0.6916868190453241,0.12782270582399158,-5.411298521545603,6.256936545090028e-08,0.5007307141808811,-0.9422147188668059,-0.4411589192238424,0.3897636618255963,0.6432904672275156,3.7541619270540164e-07,1.2513873090180056e-07
screen_prompt_X_year,"detected ~ C(model, Treatment(reference='Llama')) + C(prompt, Treatment(reference='evidence')) + C(parser, Treatment(reference='P1')) + C(year_num, Treatment(reference=2023)) + C(dataset_clean, Treatment(reference='nazario')) + C(obfuscation_clean, Treatment(reference='no')) + C(prompt, Treatment(reference='evidence')):C(year_num, Treatment(reference=2023))","C(year_num, Treatment(reference=2023))[T.2025]",-0.6161647767580731,0.3334413507904262,-1.847895515350595,0.06461745943241413,0.5400115359627207,-1.2696978152636946,0.03736826174754848,0.2809164976314008,1.0380752338563273,0.25846983772965654,0.0923106563320202
screen_prompt_X_year,"detected ~ C(model, Treatment(reference='Llama')) + C(prompt, Treatment(reference='evidence')) + C(parser, Treatment(reference='P1')) + C(year_num, Treatment(reference=2023)) + C(dataset_clean, Treatment(reference='nazario')) + C(obfuscation_clean, Treatment(reference='no')) + C(prompt, Treatment(reference='evidence')):C(year_num, Treatment(reference=2023))","C(dataset_clean, Treatment(reference='nazario'))[T.spam_assassin]",-0.7296793312730183,0.2660584012561139,-2.742553243303196,0.00609635656813409,0.4820635480121973,-1.2511442155193078,-0.20821444702672876,0.2861771611039709,0.8120328800021896,0.03048178284067045,0.010160594280223484
screen_prompt_X_year,"detected ~ C(model, Treatment(reference='Llama')) + C(prompt, Treatment(reference='evidence')) + C(parser, Treatment(reference='P1')) + C(year_num, Treatment(reference=2023)) + C(dataset_clean, Treatment(reference='nazario')) + C(obfuscation_clean, Treatment(reference='no')) + C(prompt, Treatment(reference='evidence')):C(year_num, Treatment(reference=2023))","C(obfuscation_clean, Treatment(reference='no'))[T.yes]",0.20772437337422844,0.25095919449450893,0.8277217090716057,0.4078281217622314,1.230873861180698,-0.2841466094241917,0.6995953561726486,0.7526562901115746,2.0129380197078897,0.8156562435244628,0.4531423575135904
screen_prompt_X_year,"detected ~ C(model, Treatment(reference='Llama')) + C(prompt, Treatment(reference='evidence')) + C(parser, Treatment(reference='P1')) + C(year_num, Treatment(reference=2023)) + C(dataset_clean, Treatment(reference='nazario')) + C(obfuscation_clean, Treatment(reference='no')) + C(prompt, Treatment(reference='evidence')):C(year_num, Treatment(reference=2023))","C(prompt, Treatment(reference='evidence'))[T.guided]:C(year_num, Treatment(reference=2023))[T.2025]",-0.11099357197614249,0.21113540066771003,-0.5256985404869496,0.5990976780439168,0.8949445016351494,-0.5248113531462882,0.3028242091940032,0.5916669699517895,1.3536764796457157,0.8156562435244628,0.5990976780439168
screen_prompt_X_year,"detected ~ C(model, Treatment(reference='Llama')) + C(prompt, Treatment(reference='evidence')) + C(parser, Treatment(reference='P1')) + C(year_num, Treatment(reference=2023)) + C(dataset_clean, Treatment(reference='nazario')) + C(obfuscation_clean, Treatment(reference='no')) + C(prompt, Treatment(reference='evidence')):C(year_num, Treatment(reference=2023))","C(prompt, Treatment(reference='evidence'))[T.label]:C(year_num, Treatment(reference=2023))[T.2025]",-0.2723655010511217,0.23969002206883092,-1.1363239015969862,0.255821031131658,0.7615758534388516,-0.7421493117596409,0.19741830965739765,0.47608955020626675,1.2182535413554656,0.767463093394974,0.3197762889145725
screen_prompt_X_dataset,"detected ~ C(model, Treatment(reference='Llama')) + C(prompt, Treatment(reference='evidence')) + C(parser, Treatment(reference='P1')) + C(year_num, Treatment(reference=2023)) + C(dataset_clean, Treatment(reference='nazario')) + C(obfuscation_clean, Treatment(reference='no')) + C(prompt, Treatment(reference='evidence')):C(dataset_clean, Treatment(reference='nazario'))",Intercept,4.084608077120484,0.42859975962407776,9.530122183696669,1.5709822075410038e-21,59.418645660486156,3.2445679844747666,4.924648169766201,25.650626197450997,137.64090689050147,1.4138839867869033e-20,7.854911037705019e-21
screen_prompt_X_dataset,"detected ~ C(model, Treatment(reference='Llama')) + C(prompt, Treatment(reference='evidence')) + C(parser, Treatment(reference='P1')) + C(year_num, Treatment(reference=2023)) + C(dataset_clean, Treatment(reference='nazario')) + C(obfuscation_clean, Treatment(reference='no')) + C(prompt, Treatment(reference='evidence')):C(dataset_clean, Treatment(reference='nazario'))","C(model, Treatment(reference='Llama'))[T.Qwen]",-1.2689421050802305,0.1272118064128651,-9.975034085766277,1.9603413149363126e-23,0.2811288693249826,-1.5182726640577275,-1.0196115461027335,0.21909000232767384,0.36073504189269084,1.9603413149363125e-22,1.9603413149363125e-22
screen_prompt_X_dataset,"detected ~ C(model, Treatment(reference='Llama')) + C(prompt, Treatment(reference='evidence')) + C(parser, Treatment(reference='P1')) + C(year_num, Treatment(reference=2023)) + C(dataset_clean, Treatment(reference='nazario')) + C(obfuscation_clean, Treatment(reference='no')) + C(prompt, Treatment(reference='evidence')):C(dataset_clean, Treatment(reference='nazario'))","C(prompt, Treatment(reference='evidence'))[T.guided]",-0.9005478225297743,0.20180769531979295,-4.462405762588628,8.104457409719987e-06,0.4063469927176452,-1.296083637159601,-0.5050120078999476,0.2736012191846013,0.6034983286359824,4.862674445831992e-05,1.6208914819439973e-05
screen_prompt_X_dataset,"detected ~ C(model, Treatment(reference='Llama')) + C(prompt, Treatment(reference='evidence')) + C(parser, Treatment(reference='P1')) + C(year_num, Treatment(reference=2023)) + C(dataset_clean, Treatment(reference='nazario')) + C(obfuscation_clean, Treatment(reference='no')) + C(prompt, Treatment(reference='evidence')):C(dataset_clean, Treatment(reference='nazario'))","C(prompt, Treatment(reference='evidence'))[T.label]",-1.7742173270465638,0.24211387489166242,-7.328028300073528,2.335634067310665e-13,0.16961615153582157,-2.2487518019916584,-1.299682852101469,0.10553086580412001,0.2726182396269093,1.868507253848532e-12,7.78544689103555e-13
screen_prompt_X_dataset,"detected ~ C(model, Treatment(reference='Llama')) + C(prompt, Treatment(reference='evidence')) + C(parser, Treatment(reference='P1')) + C(year_num, Treatment(reference=2023)) + C(dataset_clean, Treatment(reference='nazario')) + C(obfuscation_clean, Treatment(reference='no')) + C(prompt, Treatment(reference='evidence')):C(dataset_clean, Treatment(reference='nazario'))","C(parser, Treatment(reference='P1'))[T.P2]",-0.6994058481097071,0.13005357651876454,-5.377828636714152,7.538951894075034e-08,0.49688043855710606,-0.9543061741471096,-0.44450552207230454,0.38507922981198994,0.6411412278487287,5.277266325852524e-07,1.8847379735187583e-07
screen_prompt_X_dataset,"detected ~ C(model, Treatment(reference='Llama')) + C(prompt, Treatment(reference='evidence')) + C(parser, Treatment(reference='P1')) + C(year_num, Treatment(reference=2023)) + C(dataset_clean, Treatment(reference='nazario')) + C(obfuscation_clean, Treatment(reference='no')) + C(prompt, Treatment(reference='evidence')):C(dataset_clean, Treatment(reference='nazario'))","C(year_num, Treatment(reference=2023))[T.2025]",-0.8322139133776719,0.25834616827539114,-3.2213131664896646,0.0012760463073612392,0.43508497881374225,-1.3385630987413628,-0.32586472801398103,0.26222218539503783,0.7219028340572161,0.006380231536806196,0.0021267438456020653
screen_prompt_X_dataset,"detected ~ C(model, Treatment(reference='Llama')) + C(prompt, Treatment(reference='evidence')) + C(parser, Treatment(reference='P1')) + C(year_num, Treatment(reference=2023)) + C(dataset_clean, Treatment(reference='nazario')) + C(obfuscation_clean, Treatment(reference='no')) + C(prompt, Treatment(reference='evidence')):C(dataset_clean, Treatment(reference='nazario'))","C(dataset_clean, Treatment(reference='nazario'))[T.spam_assassin]",-1.0025323441608802,0.38207416031936986,-2.6239208203006426,0.008692399014122032,0.36694902238418864,-1.7513839378102278,-0.2536807505115326,0.1735336174561445,0.7759394807910404,0.034769596056488127,0.012417712877317189
screen_prompt_X_dataset,"detected ~ C(model, Treatment(reference='Llama')) + C(prompt, Treatment(reference='evidence')) + C(parser, Treatment(reference='P1')) + C(year_num, Treatment(reference=2023)) + C(dataset_clean, Treatment(reference='nazario')) + C(obfuscation_clean, Treatment(reference='no')) + C(prompt, Treatment(reference='evidence')):C(dataset_clean, Treatment(reference='nazario'))","C(obfuscation_clean, Treatment(reference='no'))[T.yes]",0.2100772895138798,0.24957999263280425,0.8417232779670645,0.3999428653644672,1.2337734140191685,-0.2790905073081885,0.6992450863359482,0.7564714339234025,2.012233071704657,0.7998857307289344,0.44438096151607465
screen_prompt_X_dataset,"detected ~ C(model, Treatment(reference='Llama')) + C(prompt, Treatment(reference='evidence')) + C(parser, Treatment(reference='P1')) + C(year_num, Treatment(reference=2023)) + C(dataset_clean, Treatment(reference='nazario')) + C(obfuscation_clean, Treatment(reference='no')) + C(prompt, Treatment(reference='evidence')):C(dataset_clean, Treatment(reference='nazario'))","C(prompt, Treatment(reference='evidence'))[T.guided]:C(dataset_clean, Treatment(reference='nazario'))[T.spam_assassin]",-0.13385342975439096,0.24370643501155648,-0.5492404406475507,0.5828404547867343,0.874718262878707,-0.611509265177693,0.343802405668911,0.5425314270617332,1.4102999407009107,0.7998857307289344,0.5828404547867343
screen_prompt_X_dataset,"detected ~ C(model, Treatment(reference='Llama')) + C(prompt, Treatment(reference='evidence')) + C(parser, Treatment(reference='P1')) + C(year_num, Treatment(reference=2023)) + C(dataset_clean, Treatment(reference='nazario')) + C(obfuscation_clean, Treatment(reference='no')) + C(prompt, Treatment(reference='evidence')):C(dataset_clean, Treatment(reference='nazario'))","C(prompt, Treatment(reference='evidence'))[T.label]:C(dataset_clean, Treatment(reference='nazario'))[T.spam_assassin]",0.47694508126560997,0.2830072926460451,1.6852748803972384,0.09193554983401188,1.6111449595824363,-0.07773901968282582,1.0316291822140458,0.9252058555556932,2.8056330006999564,0.27580664950203565,0.11491943729251484
screen_prompt_X_obfuscation,"detected ~ C(model, Treatment(reference='Llama')) + C(prompt, Treatment(reference='evidence')) + C(parser, Treatment(reference='P1')) + C(year_num, Treatment(reference=2023)) + C(dataset_clean, Treatment(reference='nazario')) + C(obfuscation_clean, Treatment(reference='no')) + C(prompt, Treatment(reference='evidence')):C(obfuscation_clean, Treatment(reference='no'))",Intercept,3.990420646018292,0.4273330826385842,9.337963308104511,9.820494037313178e-21,54.07763212029622,3.1528631946441883,4.827978097392396,23.402976020594114,124.95805205135855,8.83844463358186e-20,4.910247018656589e-20
screen_prompt_X_obfuscation,"detected ~ C(model, Treatment(reference='Llama')) + C(prompt, Treatment(reference='evidence')) + C(parser, Treatment(reference='P1')) + C(year_num, Treatment(reference=2023)) + C(dataset_clean, Treatment(reference='nazario')) + C(obfuscation_clean, Treatment(reference='no')) + C(prompt, Treatment(reference='evidence')):C(obfuscation_clean, Treatment(reference='no'))","C(model, Treatment(reference='Llama'))[T.Qwen]",-1.2612592913034684,0.1275124565028283,-9.891263378456621,4.5425844396081355e-23,0.283297048267972,-1.511179113629242,-1.0113394689776947,0.22064965349975085,0.3637314461381479,4.542584439608136e-22,4.542584439608135e-22
screen_prompt_X_obfuscation,"detected ~ C(model, Treatment(reference='Llama')) + C(prompt, Treatment(reference='evidence')) + C(parser, Treatment(reference='P1')) + C(year_num, Treatment(reference=2023)) + C(dataset_clean, Treatment(reference='nazario')) + C(obfuscation_clean, Treatment(reference='no')) + C(prompt, Treatment(reference='evidence')):C(obfuscation_clean, Treatment(reference='no'))","C(prompt, Treatment(reference='evidence'))[T.guided]",-1.0346379160353827,0.18541241004120027,-5.5801977645696805,2.402452682681082e-08,0.3553550259900456,-1.398039562002908,-0.6712362700678575,0.24708087618467373,0.5110763586656685,1.6817168778767575e-07,6.006131706702705e-08
screen_prompt_X_obfuscation,"detected ~ C(model, Treatment(reference='Llama')) + C(prompt, Treatment(reference='evidence')) + C(parser, Treatment(reference='P1')) + C(year_num, Treatment(reference=2023)) + C(dataset_clean, Treatment(reference='nazario')) + C(obfuscation_clean, Treatment(reference='no')) + C(prompt, Treatment(reference='evidence')):C(obfuscation_clean, Treatment(reference='no'))","C(prompt, Treatment(reference='evidence'))[T.label]",-1.651742760008435,0.21481446782551214,-7.689159751335278,1.4810444419423082e-14,0.19171550319922226,-2.072771380304577,-1.230714139712293,0.12583655705558114,0.29208391445974347,1.1848355535538465e-13,4.936814806474361e-14
screen_prompt_X_obfuscation,"detected ~ C(model, Treatment(reference='Llama')) + C(prompt, Treatment(reference='evidence')) + C(parser, Treatment(reference='P1')) + C(year_num, Treatment(reference=2023)) + C(dataset_clean, Treatment(reference='nazario')) + C(obfuscation_clean, Treatment(reference='no')) + C(prompt, Treatment(reference='evidence')):C(obfuscation_clean, Treatment(reference='no'))","C(parser, Treatment(reference='P1'))[T.P2]",-0.6941875726524847,0.12907277128783678,-5.378265033950671,7.520705027443312e-08,0.4994800744638366,-0.9471655557614203,-0.441209589543549,0.3878387743421428,0.6432578723196812,4.5124230164659874e-07,1.5041410054886624e-07
screen_prompt_X_obfuscation,"detected ~ C(model, Treatment(reference='Llama')) + C(prompt, Treatment(reference='evidence')) + C(parser, Treatment(reference='P1')) + C(year_num, Treatment(reference=2023)) + C(dataset_clean, Treatment(reference='nazario')) + C(obfuscation_clean, Treatment(reference='no')) + C(prompt, Treatment(reference='evidence')):C(obfuscation_clean, Treatment(reference='no'))","C(year_num, Treatment(reference=2023))[T.2025]",-0.7959201194692648,0.2572973752759353,-3.093386081438609,0.001978865100856733,0.45116591733658507,-1.3002137083267846,-0.29162653061174504,0.27247355694351805,0.7470474832475468,0.009894325504283664,0.0032981085014278885
screen_prompt_X_obfuscation,"detected ~ C(model, Treatment(reference='Llama')) + C(prompt, Treatment(reference='evidence')) + C(parser, Treatment(reference='P1')) + C(year_num, Treatment(reference=2023)) + C(dataset_clean, Treatment(reference='nazario')) + C(obfuscation_clean, Treatment(reference='no')) + C(prompt, Treatment(reference='evidence')):C(obfuscation_clean, Treatment(reference='no'))","C(dataset_clean, Treatment(reference='nazario'))[T.spam_assassin]",-0.719414727457907,0.26378789183404056,-2.7272469651886806,0.006386521927793199,0.4870372220734732,-1.2364294950103738,-0.20239995990544013,0.29041931253867853,0.8167681880778995,0.025546087711172796,0.009123602753990285
screen_prompt_X_obfuscation,"detected ~ C(model, Treatment(reference='Llama')) + C(prompt, Treatment(reference='evidence')) + C(parser, Treatment(reference='P1')) + C(year_num, Treatment(reference=2023)) + C(dataset_clean, Treatment(reference='nazario')) + C(obfuscation_clean, Treatment(reference='no')) + C(prompt, Treatment(reference='evidence')):C(obfuscation_clean, Treatment(reference='no'))","C(obfuscation_clean, Treatment(reference='no'))[T.yes]",-0.07922869808064237,0.33298463041876036,-0.23793500012599567,0.8119315087468049,0.9238286224510305,-0.7318665811067933,0.5734091849455085,0.48101030686759544,1.7743056884115684,1.0,0.8119315087468049
screen_prompt_X_obfuscation,"detected ~ C(model, Treatment(reference='Llama')) + C(prompt, Treatment(reference='evidence')) + C(parser, Treatment(reference='P1')) + C(year_num, Treatment(reference=2023)) + C(dataset_clean, Treatment(reference='nazario')) + C(obfuscation_clean, Treatment(reference='no')) + C(prompt, Treatment(reference='evidence')):C(obfuscation_clean, Treatment(reference='no'))","C(prompt, Treatment(reference='evidence'))[T.guided]:C(obfuscation_clean, Treatment(reference='no'))[T.yes]",0.1302990064898976,0.2188240816397536,0.5954509463195493,0.551542079429522,1.1391689513155978,-0.2985883124740719,0.5591863254538672,0.7418647630444327,1.7492486020174478,1.0,0.6128245326994689
screen_prompt_X_obfuscation,"detected ~ C(model, Treatment(reference='Llama')) + C(prompt, Treatment(reference='evidence')) + C(parser, Treatment(reference='P1')) + C(year_num, Treatment(reference=2023)) + C(dataset_clean, Treatment(reference='nazario')) + C(obfuscation_clean, Treatment(reference='no')) + C(prompt, Treatment(reference='evidence')):C(obfuscation_clean, Treatment(reference='no'))","C(prompt, Treatment(reference='evidence'))[T.label]:C(obfuscation_clean, Treatment(reference='no'))[T.yes]",0.41338905604227594,0.25574883270731247,1.6163868732701987,0.10601069465956749,1.5119331382452028,-0.08786944515221595,0.9146475572367678,0.9158804415499069,2.495895436587315,0.3180320839787025,0.13251336832445934
screen_parser_X_year,"detected ~ C(model, Treatment(reference='Llama')) + C(prompt, Treatment(reference='evidence')) + C(parser, Treatment(reference='P1')) + C(year_num, Treatment(reference=2023)) + C(dataset_clean, Treatment(reference='nazario')) + C(obfuscation_clean, Treatment(reference='no')) + C(parser, Treatment(reference='P1')):C(year_num, Treatment(reference=2023))",Intercept,4.051635085364098,0.4285533185329674,9.454214703630669,3.2545568469588956e-21,57.49138355540244,3.2116860155843603,4.8915841551438355,24.820899389047003,133.16436005429145,2.278189792871227e-20,9.763670540876687e-21
screen_parser_X_year,"detected ~ C(model, Treatment(reference='Llama')) + C(prompt, Treatment(reference='evidence')) + C(parser, Treatment(reference='P1')) + C(year_num, Treatment(reference=2023)) + C(dataset_clean, Treatment(reference='nazario')) + C(obfuscation_clean, Treatment(reference='no')) + C(parser, Treatment(reference='P1')):C(year_num, Treatment(reference=2023))","C(model, Treatment(reference='Llama'))[T.Qwen]",-1.2642027439375707,0.12655059886038814,-9.98970178981335,1.6908966157868003e-23,0.28246440285234903,-1.5122373599259071,-1.0161681279492343,0.2204162753286467,0.3619793445822945,1.3527172926294403e-22,7.609034771040602e-23
screen_parser_X_year,"detected ~ C(model, Treatment(reference='Llama')) + C(prompt, Treatment(reference='evidence')) + C(parser, Treatment(reference='P1')) + C(year_num, Treatment(reference=2023)) + C(dataset_clean, Treatment(reference='nazario')) + C(obfuscation_clean, Treatment(reference='no')) + C(parser, Treatment(reference='P1')):C(year_num, Treatment(reference=2023))","C(prompt, Treatment(reference='evidence'))[T.guided]",-0.9770426222564391,0.11016731838780894,-8.868715664087166,7.399434626257124e-19,0.3764226784122169,-1.1929665985699018,-0.7611186459429764,0.30332009905811025,0.46714356636116433,4.439660775754275e-18,1.664872790907853e-18
screen_parser_X_year,"detected ~ C(model, Treatment(reference='Llama')) + C(prompt, Treatment(reference='evidence')) + C(parser, Treatment(reference='P1')) + C(year_num, Treatment(reference=2023)) + C(dataset_clean, Treatment(reference='nazario')) + C(obfuscation_clean, Treatment(reference='no')) + C(parser, Treatment(reference='P1')):C(year_num, Treatment(reference=2023))","C(prompt, Treatment(reference='evidence'))[T.label]",-1.4643368450204932,0.13087767493025448,-11.188591528699202,4.637413951928716e-29,0.23123128282037375,-1.7208523742641328,-1.2078213157768536,0.17891358156648624,0.29884766537349994,4.173672556735845e-28,4.173672556735845e-28
screen_parser_X_year,"detected ~ C(model, Treatment(reference='Llama')) + C(prompt, Treatment(reference='evidence')) + C(parser, Treatment(reference='P1')) + C(year_num, Treatment(reference=2023)) + C(dataset_clean, Treatment(reference='nazario')) + C(obfuscation_clean, Treatment(reference='no')) + C(parser, Treatment(reference='P1')):C(year_num, Treatment(reference=2023))","C(parser, Treatment(reference='P1'))[T.P2]",-0.8995227723593822,0.20539975883790101,-4.379375990744345,1.1901962710727199e-05,0.40676373232478136,-1.3020989021148808,-0.4969466426038835,0.271960375361898,0.6083854448083216,5.9509813553635994e-05,2.1423532879308958e-05
screen_parser_X_year,"detected ~ C(model, Treatment(reference='Llama')) + C(prompt, Treatment(reference='evidence')) + C(parser, Treatment(reference='P1')) + C(year_num, Treatment(reference=2023)) + C(dataset_clean, Treatment(reference='nazario')) + C(obfuscation_clean, Treatment(reference='no')) + C(parser, Treatment(reference='P1')):C(year_num, Treatment(reference=2023))","C(year_num, Treatment(reference=2023))[T.2025]",-1.0813025899312625,0.3283418240040873,-3.293222218068089,0.0009904615894636376,0.33915345991022566,-1.7248407395974625,-0.43776444026506245,0.17820142994454463,0.6454778135331026,0.0039618463578545505,0.0014856923841954565
screen_parser_X_year,"detected ~ C(model, Treatment(reference='Llama')) + C(prompt, Treatment(reference='evidence')) + C(parser, Treatment(reference='P1')) + C(year_num, Treatment(reference=2023)) + C(dataset_clean, Treatment(reference='nazario')) + C(obfuscation_clean, Treatment(reference='no')) + C(parser, Treatment(reference='P1')):C(year_num, Treatment(reference=2023))","C(dataset_clean, Treatment(reference='nazario'))[T.spam_assassin]",-0.7526435593428576,0.26374994951949526,-2.8536254157168113,0.004322346310505504,0.4711194728184114,-1.2695839613253257,-0.2357031573603896,0.2809484829017989,0.7900151493121897,0.01296703893151651,0.005557302399221362
screen_parser_X_year,"detected ~ C(model, Treatment(reference='Llama')) + C(prompt, Treatment(reference='evidence')) + C(parser, Treatment(reference='P1')) + C(year_num, Treatment(reference=2023)) + C(dataset_clean, Treatment(reference='nazario')) + C(obfuscation_clean, Treatment(reference='no')) + C(parser, Treatment(reference='P1')):C(year_num, Treatment(reference=2023))","C(obfuscation_clean, Treatment(reference='no'))[T.yes]",0.20359054610319058,0.24952270824637285,0.8159199117948418,0.4145459429417594,1.2257961436805709,-0.2854649753845957,0.6926460675909769,0.7516646674831943,1.9989980251343307,0.4145459429417594,0.4145459429417594
screen_parser_X_year,"detected ~ C(model, Treatment(reference='Llama')) + C(prompt, Treatment(reference='evidence')) + C(parser, Treatment(reference='P1')) + C(year_num, Treatment(reference=2023)) + C(dataset_clean, Treatment(reference='nazario')) + C(obfuscation_clean, Treatment(reference='no')) + C(parser, Treatment(reference='P1')):C(year_num, Treatment(reference=2023))","C(parser, Treatment(reference='P1'))[T.P2]:C(year_num, Treatment(reference=2023))[T.2025]",0.34397968024632486,0.25883573425182127,1.3289497342421315,0.18386455399774282,1.410549973188472,-0.16332903679922528,0.851288397291875,0.849311687634847,2.342663189297155,0.36772910799548564,0.20684762324746067
screen_parser_X_dataset,"detected ~ C(model, Treatment(reference='Llama')) + C(prompt, Treatment(reference='evidence')) + C(parser, Treatment(reference='P1')) + C(year_num, Treatment(reference=2023)) + C(dataset_clean, Treatment(reference='nazario')) + C(obfuscation_clean, Treatment(reference='no')) + C(parser, Treatment(reference='P1')):C(dataset_clean, Treatment(reference='nazario'))",Intercept,3.449370663467163,0.3786073055569945,9.11068173497752,8.186590889885355e-20,31.480574197854043,2.707313980291702,4.191427346642624,14.98896075200306,66.11709565615863,5.730613622919749e-19,2.455977266965607e-19
screen_parser_X_dataset,"detected ~ C(model, Treatment(reference='Llama')) + C(prompt, Treatment(reference='evidence')) + C(parser, Treatment(reference='P1')) + C(year_num, Treatment(reference=2023)) + C(dataset_clean, Treatment(reference='nazario')) + C(obfuscation_clean, Treatment(reference='no')) + C(parser, Treatment(reference='P1')):C(dataset_clean, Treatment(reference='nazario'))","C(model, Treatment(reference='Llama'))[T.Qwen]",-1.2670783625675353,0.1286278693032207,-9.850729623613605,6.804817070052941e-23,0.2816533097094043,-1.519184353809973,-1.0149723713250975,0.21889035124148573,0.3624124426697281,5.443853656042353e-22,3.062167681523824e-22
screen_parser_X_dataset,"detected ~ C(model, Treatment(reference='Llama')) + C(prompt, Treatment(reference='evidence')) + C(parser, Treatment(reference='P1')) + C(year_num, Treatment(reference=2023)) + C(dataset_clean, Treatment(reference='nazario')) + C(obfuscation_clean, Treatment(reference='no')) + C(parser, Treatment(reference='P1')):C(dataset_clean, Treatment(reference='nazario'))","C(prompt, Treatment(reference='evidence'))[T.guided]",-0.9814408996714434,0.1108953465261589,-8.850154045372257,8.739857634585525e-19,0.37477070263423856,-1.1987917849158038,-0.764090014427083,0.3015583392300704,0.4657575708619479,5.243914580751315e-18,1.9664679677817432e-18
screen_parser_X_dataset,"detected ~ C(model, Treatment(reference='Llama')) + C(prompt, Treatment(reference='evidence')) + C(parser, Treatment(reference='P1')) + C(year_num, Treatment(reference=2023)) + C(dataset_clean, Treatment(reference='nazario')) + C(obfuscation_clean, Treatment(reference='no')) + C(parser, Treatment(reference='P1')):C(dataset_clean, Treatment(reference='nazario'))","C(prompt, Treatment(reference='evidence'))[T.label]",-1.4679412586889966,0.1315823205246623,-11.156067569228364,6.68851252315887e-29,0.23039932987598608,-1.7258378679195403,-1.210044649458453,0.17802382881198706,0.29818396538008346,6.019661270842984e-28,6.019661270842984e-28
screen_parser_X_dataset,"detected ~ C(model, Treatment(reference='Llama')) + C(prompt, Treatment(reference='evidence')) + C(parser, Treatment(reference='P1')) + C(year_num, Treatment(reference=2023)) + C(dataset_clean, Treatment(reference='nazario')) + C(obfuscation_clean, Treatment(reference='no')) + C(parser, Treatment(reference='P1')):C(dataset_clean, Treatment(reference='nazario'))","C(parser, Treatment(reference='P1'))[T.P2]",-0.1266646846405216,0.16243640432382053,-0.7797801556110093,0.4355202888848507,0.8810290456439807,-0.4450341868933962,0.19170481761235297,0.6408023686155838,1.2113129059514944,0.9198368543188866,0.4899603249954571
screen_parser_X_dataset,"detected ~ C(model, Treatment(reference='Llama')) + C(prompt, Treatment(reference='evidence')) + C(parser, Treatment(reference='P1')) + C(year_num, Treatment(reference=2023)) + C(dataset_clean, Treatment(reference='nazario')) + C(obfuscation_clean, Treatment(reference='no')) + C(parser, Treatment(reference='P1')):C(dataset_clean, Treatment(reference='nazario'))","C(year_num, Treatment(reference=2023))[T.2025]",-0.8059627661909231,0.2589800820108013,-3.1120646805467795,0.00185783789382954,0.4466576925599023,-1.3135543996453232,-0.29837113273652305,0.26886271047485927,0.742025898536016,0.00743135157531816,0.00278675684074431
screen_parser_X_dataset,"detected ~ C(model, Treatment(reference='Llama')) + C(prompt, Treatment(reference='evidence')) + C(parser, Treatment(reference='P1')) + C(year_num, Treatment(reference=2023)) + C(dataset_clean, Treatment(reference='nazario')) + C(obfuscation_clean, Treatment(reference='no')) + C(parser, Treatment(reference='P1')):C(dataset_clean, Treatment(reference='nazario'))","C(dataset_clean, Treatment(reference='nazario'))[T.spam_assassin]",-0.09540284213626517,0.2954281637232303,-0.3229307623684877,0.7467476784033581,0.9090066745100737,-0.674431403052599,0.48362571878006866,0.509446007715427,1.6219444686774827,0.9198368543188866,0.7467476784033581
screen_parser_X_dataset,"detected ~ C(model, Treatment(reference='Llama')) + C(prompt, Treatment(reference='evidence')) + C(parser, Treatment(reference='P1')) + C(year_num, Treatment(reference=2023)) + C(dataset_clean, Treatment(reference='nazario')) + C(obfuscation_clean, Treatment(reference='no')) + C(parser, Treatment(reference='P1')):C(dataset_clean, Treatment(reference='nazario'))","C(obfuscation_clean, Treatment(reference='no'))[T.yes]",0.255048350921144,0.2494710945859498,1.0223563228615757,0.3066122847729622,1.2905240173894124,-0.23390600965110286,0.7440027114933908,0.7914361997643918,2.1043417523164956,0.9198368543188866,0.39421579470809426
screen_parser_X_dataset,"detected ~ C(model, Treatment(reference='Llama')) + C(prompt, Treatment(reference='evidence')) + C(parser, Treatment(reference='P1')) + C(year_num, Treatment(reference=2023)) + C(dataset_clean, Treatment(reference='nazario')) + C(obfuscation_clean, Treatment(reference='no')) + C(parser, Treatment(reference='P1')):C(dataset_clean, Treatment(reference='nazario'))","C(parser, Treatment(reference='P1'))[T.P2]:C(dataset_clean, Treatment(reference='nazario'))[T.spam_assassin]",-0.9025438969417455,0.2338228471958056,-3.8599474250090977,0.00011341142318523709,0.40553670285157134,-1.3608282562081369,-0.4442595376753542,0.25644828408307613,0.641298957985802,0.0005670571159261855,0.00020414056173342674
screen_parser_X_obfuscation,"detected ~ C(model, Treatment(reference='Llama')) + C(prompt, Treatment(reference='evidence')) + C(parser, Treatment(reference='P1')) + C(year_num, Treatment(reference=2023)) + C(dataset_clean, Treatment(reference='nazario')) + C(obfuscation_clean, Treatment(reference='no')) + C(parser, Treatment(reference='P1')):C(obfuscation_clean, Treatment(reference='no'))",Intercept,3.542665221724474,0.3850448636361306,9.200655706116134,3.5577206511892616e-20,34.55890369776333,2.7879911565655213,4.297339286883426,16.248346610703276,73.5039603355425,2.4904044558324833e-19,1.0673161953567785e-19
screen_parser_X_obfuscation,"detected ~ C(model, Treatment(reference='Llama')) + C(prompt, Treatment(reference='evidence')) + C(parser, Treatment(reference='P1')) + C(year_num, Treatment(reference=2023)) + C(dataset_clean, Treatment(reference='nazario')) + C(obfuscation_clean, Treatment(reference='no')) + C(parser, Treatment(reference='P1')):C(obfuscation_clean, Treatment(reference='no'))","C(model, Treatment(reference='Llama'))[T.Qwen]",-1.2753263674912902,0.12774886351713607,-9.98307407502079,1.807775074235143e-23,0.27933978591759934,-1.5257095390507998,-1.0249431959317807,0.21746670099434556,0.35881684708372497,1.4462200593881144e-22,8.134987834058145e-23
screen_parser_X_obfuscation,"detected ~ C(model, Treatment(reference='Llama')) + C(prompt, Treatment(reference='evidence')) + C(parser, Treatment(reference='P1')) + C(year_num, Treatment(reference=2023)) + C(dataset_clean, Treatment(reference='nazario')) + C(obfuscation_clean, Treatment(reference='no')) + C(parser, Treatment(reference='P1')):C(obfuscation_clean, Treatment(reference='no'))","C(prompt, Treatment(reference='evidence'))[T.guided]",-0.9849291939572061,0.11039420045598092,-8.921928777861309,4.582368891690049e-19,0.37346566962668437,-1.2012978509530239,-0.7685605369613884,0.30080356027586086,0.4636800384337093,2.7494213350140293e-18,1.031033000630261e-18
screen_parser_X_obfuscation,"detected ~ C(model, Treatment(reference='Llama')) + C(prompt, Treatment(reference='evidence')) + C(parser, Treatment(reference='P1')) + C(year_num, Treatment(reference=2023)) + C(dataset_clean, Treatment(reference='nazario')) + C(obfuscation_clean, Treatment(reference='no')) + C(parser, Treatment(reference='P1')):C(obfuscation_clean, Treatment(reference='no'))","C(prompt, Treatment(reference='evidence'))[T.label]",-1.4770657606235296,0.13011130627945008,-11.352324427910373,7.221694199521387e-30,0.22830661276482672,-1.7320792349127119,-1.2220522863343473,0.17691617698928613,0.2946248913987391,6.499524779569248e-29,6.499524779569248e-29
screen_parser_X_obfuscation,"detected ~ C(model, Treatment(reference='Llama')) + C(prompt, Treatment(reference='evidence')) + C(parser, Treatment(reference='P1')) + C(year_num, Treatment(reference=2023)) + C(dataset_clean, Treatment(reference='nazario')) + C(obfuscation_clean, Treatment(reference='no')) + C(parser, Treatment(reference='P1')):C(obfuscation_clean, Treatment(reference='no'))","C(parser, Treatment(reference='P1'))[T.P2]",-0.2328985636436093,0.13349634313926567,-1.7446063177973763,0.08105342034923059,0.7922339307720185,-0.4945465882643708,0.02874946097715217,0.6098473565673114,1.0291667157488265,0.08105342034923059,0.08105342034923059
screen_parser_X_obfuscation,"detected ~ C(model, Treatment(reference='Llama')) + C(prompt, Treatment(reference='evidence')) + C(parser, Treatment(reference='P1')) + C(year_num, Treatment(reference=2023)) + C(dataset_clean, Treatment(reference='nazario')) + C(obfuscation_clean, Treatment(reference='no')) + C(parser, Treatment(reference='P1')):C(obfuscation_clean, Treatment(reference='no'))","C(year_num, Treatment(reference=2023))[T.2025]",-0.8180512315206123,0.26423374319362125,-3.095937792173549,0.0019619151656299683,0.4412907906884861,-1.3359398516803156,-0.30016261136090905,0.2629109619928294,0.7406977650166618,0.006023725315844083,0.0025224623558099592
screen_parser_X_obfuscation,"detected ~ C(model, Treatment(reference='Llama')) + C(prompt, Treatment(reference='evidence')) + C(parser, Treatment(reference='P1')) + C(year_num, Treatment(reference=2023)) + C(dataset_clean, Treatment(reference='nazario')) + C(obfuscation_clean, Treatment(reference='no')) + C(parser, Treatment(reference='P1')):C(obfuscation_clean, Treatment(reference='no'))","C(dataset_clean, Treatment(reference='nazario'))[T.spam_assassin]",-0.7077970975680635,0.2714095312138174,-2.607856453686803,0.009111115328177256,0.49272843545599343,-1.2397500038080453,-0.17584419132808182,0.2894565719352821,0.8387486574711217,0.01822223065635451,0.010250004744199414
screen_parser_X_obfuscation,"detected ~ C(model, Treatment(reference='Llama')) + C(prompt, Treatment(reference='evidence')) + C(parser, Treatment(reference='P1')) + C(year_num, Treatment(reference=2023)) + C(dataset_clean, Treatment(reference='nazario')) + C(obfuscation_clean, Treatment(reference='no')) + C(parser, Treatment(reference='P1')):C(obfuscation_clean, Treatment(reference='no'))","C(obfuscation_clean, Treatment(reference='no'))[T.yes]",1.0025696995557247,0.31591544402976274,3.173538104902752,0.0015059313289610208,2.7252759786495515,0.3833868070974106,1.621752592014039,1.4672454612761794,5.061954087316999,0.006023725315844083,0.0022588969934415315
screen_parser_X_obfuscation,"detected ~ C(model, Treatment(reference='Llama')) + C(prompt, Treatment(reference='evidence')) + C(parser, Treatment(reference='P1')) + C(year_num, Treatment(reference=2023)) + C(dataset_clean, Treatment(reference='nazario')) + C(obfuscation_clean, Treatment(reference='no')) + C(parser, Treatment(reference='P1')):C(obfuscation_clean, Treatment(reference='no'))","C(parser, Treatment(reference='P1'))[T.P2]:C(obfuscation_clean, Treatment(reference='no'))[T.yes]",-1.0644549051946588,0.2491116283341126,-4.2730036823772615,1.928572707027624e-05,0.3449158153536258,-1.5527047248596473,-0.5762050855296704,0.21167467710996274,0.5620271697367675,9.64286353513812e-05,3.4714308726497234e-05
screen_year_X_dataset,"detected ~ C(model, Treatment(reference='Llama')) + C(prompt, Treatment(reference='evidence')) + C(parser, Treatment(reference='P1')) + C(year_num, Treatment(reference=2023)) + C(dataset_clean, Treatment(reference='nazario')) + C(obfuscation_clean, Treatment(reference='no')) + C(year_num, Treatment(reference=2023)):C(dataset_clean, Treatment(reference='nazario'))",Intercept,3.4607435964680375,0.39294878411671746,8.807111095272136,1.2841240778377518e-18,31.84064430457956,2.6905781318304665,4.230909061105608,14.740195233614065,68.77972873919526,7.70474446702651e-18,2.8892791751349417e-18
screen_year_X_dataset,"detected ~ C(model, Treatment(reference='Llama')) + C(prompt, Treatment(reference='evidence')) + C(parser, Treatment(reference='P1')) + C(year_num, Treatment(reference=2023)) + C(dataset_clean, Treatment(reference='nazario')) + C(obfuscation_clean, Treatment(reference='no')) + C(year_num, Treatment(reference=2023)):C(dataset_clean, Treatment(reference='nazario'))","C(model, Treatment(reference='Llama'))[T.Qwen]",-1.287832065312819,0.1308303940512027,-9.843523553164596,7.310467802018142e-23,0.2758681995146901,-1.5442549257363596,-1.0314092048892785,0.21347086363151307,0.35650421893099193,5.848374241614514e-22,3.289710510908164e-22
screen_year_X_dataset,"detected ~ C(model, Treatment(reference='Llama')) + C(prompt, Treatment(reference='evidence')) + C(parser, Treatment(reference='P1')) + C(year_num, Treatment(reference=2023)) + C(dataset_clean, Treatment(reference='nazario')) + C(obfuscation_clean, Treatment(reference='no')) + C(year_num, Treatment(reference=2023)):C(dataset_clean, Treatment(reference='nazario'))","C(prompt, Treatment(reference='evidence'))[T.guided]",-0.9934333784142017,0.11183421419190501,-8.883089898673516,6.502836990174267e-19,0.37030311521679443,-1.2126244104696737,-0.7742423463587297,0.29741571339135875,0.4610529671605662,4.551985893121987e-18,1.95085109705228e-18
screen_year_X_dataset,"detected ~ C(model, Treatment(reference='Llama')) + C(prompt, Treatment(reference='evidence')) + C(parser, Treatment(reference='P1')) + C(year_num, Treatment(reference=2023)) + C(dataset_clean, Treatment(reference='nazario')) + C(obfuscation_clean, Treatment(reference='no')) + C(year_num, Treatment(reference=2023)):C(dataset_clean, Treatment(reference='nazario'))","C(prompt, Treatment(reference='evidence'))[T.label]",-1.4897266306416168,0.13169444423619614,-11.311992994706502,1.1445966792909646e-29,0.22543427393958818,-1.7478429983085797,-1.231610262974654,0.17414917868642515,0.2918222885114917,1.0301370113618683e-28,1.0301370113618683e-28
screen_year_X_dataset,"detected ~ C(model, Treatment(reference='Llama')) + C(prompt, Treatment(reference='evidence')) + C(parser, Treatment(reference='P1')) + C(year_num, Treatment(reference=2023)) + C(dataset_clean, Treatment(reference='nazario')) + C(obfuscation_clean, Treatment(reference='no')) + C(year_num, Treatment(reference=2023)):C(dataset_clean, Treatment(reference='nazario'))","C(parser, Treatment(reference='P1'))[T.P2]",-0.7084612182422936,0.13040694211401696,-5.4326955816729,5.550905948267527e-08,0.4924013129516584,-0.9640541281197664,-0.4528683083648207,0.38134373151636713,0.6358018578997169,2.7754529741337636e-07,9.991630706881549e-08
screen_year_X_dataset,"detected ~ C(model, Treatment(reference='Llama')) + C(prompt, Treatment(reference='evidence')) + C(parser, Treatment(reference='P1')) + C(year_num, Treatment(reference=2023)) + C(dataset_clean, Treatment(reference='nazario')) + C(obfuscation_clean, Treatment(reference='no')) + C(year_num, Treatment(reference=2023)):C(dataset_clean, Treatment(reference='nazario'))","C(year_num, Treatment(reference=2023))[T.2025]",-0.04412996911059388,0.40927854284733095,-0.10782380332861778,0.914135460640191,0.9568295911003831,-0.8463011727363958,0.7580412345152081,0.42899879336100066,2.1340919381908794,1.0,0.914135460640191
screen_year_X_dataset,"detected ~ C(model, Treatment(reference='Llama')) + C(prompt, Treatment(reference='evidence')) + C(parser, Treatment(reference='P1')) + C(year_num, Treatment(reference=2023)) + C(dataset_clean, Treatment(reference='nazario')) + C(obfuscation_clean, Treatment(reference='no')) + C(year_num, Treatment(reference=2023)):C(dataset_clean, Treatment(reference='nazario'))","C(dataset_clean, Treatment(reference='nazario'))[T.spam_assassin]",-0.058274054343552276,0.3712160943269811,-0.1569814866168553,0.8752594387308187,0.9433913715034578,-0.7858442297060587,0.6692961210189542,0.4557347944818242,1.9528622580575643,1.0,0.914135460640191
screen_year_X_dataset,"detected ~ C(model, Treatment(reference='Llama')) + C(prompt, Treatment(reference='evidence')) + C(parser, Treatment(reference='P1')) + C(year_num, Treatment(reference=2023)) + C(dataset_clean, Treatment(reference='nazario')) + C(obfuscation_clean, Treatment(reference='no')) + C(year_num, Treatment(reference=2023)):C(dataset_clean, Treatment(reference='nazario'))","C(obfuscation_clean, Treatment(reference='no'))[T.yes]",0.2960714525482162,0.24662053775898318,1.20051417955126,0.22993970904915184,1.3445662260829145,-0.18729591930729134,0.7794388244037238,0.8291983242823763,2.1802484199271017,0.6898191271474555,0.2956367687774809
screen_year_X_dataset,"detected ~ C(model, Treatment(reference='Llama')) + C(prompt, Treatment(reference='evidence')) + C(parser, Treatment(reference='P1')) + C(year_num, Treatment(reference=2023)) + C(dataset_clean, Treatment(reference='nazario')) + C(obfuscation_clean, Treatment(reference='no')) + C(year_num, Treatment(reference=2023)):C(dataset_clean, Treatment(reference='nazario'))","C(year_num, Treatment(reference=2023))[T.2025]:C(dataset_clean, Treatment(reference='nazario'))[T.spam_assassin]",-1.3315573029749082,0.5187124566040863,-2.567043235653845,0.010256982247523992,0.2640657106117358,-2.348215036251213,-0.31489956969860344,0.09553954473092535,0.7298621708661935,0.04102792899009597,0.015385473371285988
screen_year_X_obfuscation,"detected ~ C(model, Treatment(reference='Llama')) + C(prompt, Treatment(reference='evidence')) + C(parser, Treatment(reference='P1')) + C(year_num, Treatment(reference=2023)) + C(dataset_clean, Treatment(reference='nazario')) + C(obfuscation_clean, Treatment(reference='no')) + C(year_num, Treatment(reference=2023)):C(obfuscation_clean, Treatment(reference='no'))",Intercept,3.629056956269794,0.40066792361387776,9.057518065177344,1.3345244570430546e-19,37.67726854624971,2.8437622562261478,4.41435165631344,17.180280717824672,82.62825203044535,9.341671199301382e-19,4.003573371129164e-19
screen_year_X_obfuscation,"detected ~ C(model, Treatment(reference='Llama')) + C(prompt, Treatment(reference='evidence')) + C(parser, Treatment(reference='P1')) + C(year_num, Treatment(reference=2023)) + C(dataset_clean, Treatment(reference='nazario')) + C(obfuscation_clean, Treatment(reference='no')) + C(year_num, Treatment(reference=2023)):C(obfuscation_clean, Treatment(reference='no'))","C(model, Treatment(reference='Llama'))[T.Qwen]",-1.2685825969262159,0.12812494342993996,-9.901136835388263,4.115696624249884e-23,0.28122995561541797,-1.51970287157013,-1.0174623222823018,0.21877688212725777,0.36151117598176963,3.292557299399907e-22,1.8520634809124478e-22
screen_year_X_obfuscation,"detected ~ C(model, Treatment(reference='Llama')) + C(prompt, Treatment(reference='evidence')) + C(parser, Treatment(reference='P1')) + C(year_num, Treatment(reference=2023)) + C(dataset_clean, Treatment(reference='nazario')) + C(obfuscation_clean, Treatment(reference='no')) + C(year_num, Treatment(reference=2023)):C(obfuscation_clean, Treatment(reference='no'))","C(prompt, Treatment(reference='evidence'))[T.guided]",-0.9824607520624656,0.11207885059284232,-8.765799674655197,1.8545552744451255e-18,0.37438868667013037,-1.2021312626530822,-0.762790241471849,0.30055297150561866,0.466363343554448,1.1127331646670753e-17,4.1727493675015325e-18
screen_year_X_obfuscation,"detected ~ C(model, Treatment(reference='Llama')) + C(prompt, Treatment(reference='evidence')) + C(parser, Treatment(reference='P1')) + C(year_num, Treatment(reference=2023)) + C(dataset_clean, Treatment(reference='nazario')) + C(obfuscation_clean, Treatment(reference='no')) + C(year_num, Treatment(reference=2023)):C(obfuscation_clean, Treatment(reference='no'))","C(prompt, Treatment(reference='evidence'))[T.label]",-1.470259290810535,0.13279352535258618,-11.071769402211306,1.7197109125910763e-28,0.22986587534978256,-1.7305298178817106,-1.2099887637393594,0.1771905063974198,0.2982006300710657,1.5477398213319686e-27,1.5477398213319686e-27
screen_year_X_obfuscation,"detected ~ C(model, Treatment(reference='Llama')) + C(prompt, Treatment(reference='evidence')) + C(parser, Treatment(reference='P1')) + C(year_num, Treatment(reference=2023)) + C(dataset_clean, Treatment(reference='nazario')) + C(obfuscation_clean, Treatment(reference='no')) + C(year_num, Treatment(reference=2023)):C(obfuscation_clean, Treatment(reference='no'))","C(parser, Treatment(reference='P1'))[T.P2]",-0.6986490554787423,0.1298410851611597,-5.380801112464318,7.415508758688954e-08,0.4972566163378086,-0.9531329061082134,-0.4441652048492713,0.38553129611038284,0.6413594563823204,3.707754379344477e-07,1.3347915765640118e-07
screen_year_X_obfuscation,"detected ~ C(model, Treatment(reference='Llama')) + C(prompt, Treatment(reference='evidence')) + C(parser, Treatment(reference='P1')) + C(year_num, Treatment(reference=2023)) + C(dataset_clean, Treatment(reference='nazario')) + C(obfuscation_clean, Treatment(reference='no')) + C(year_num, Treatment(reference=2023)):C(obfuscation_clean, Treatment(reference='no'))","C(year_num, Treatment(reference=2023))[T.2025]",-0.29315799048772284,0.36548772530297324,-0.8021007825767822,0.4224946623485131,0.7459042856055975,-1.009500768873019,0.4231847878975733,0.36440085441817754,1.5268164070941401,0.4224946623485131,0.4224946623485131
screen_year_X_obfuscation,"detected ~ C(model, Treatment(reference='Llama')) + C(prompt, Treatment(reference='evidence')) + C(parser, Treatment(reference='P1')) + C(year_num, Treatment(reference=2023)) + C(dataset_clean, Treatment(reference='nazario')) + C(obfuscation_clean, Treatment(reference='no')) + C(year_num, Treatment(reference=2023)):C(obfuscation_clean, Treatment(reference='no'))","C(dataset_clean, Treatment(reference='nazario'))[T.spam_assassin]",-0.6853620830584747,0.2642252429838464,-2.5938554368190125,0.009490638306900905,0.5039077400829243,-1.2032340431131583,-0.16749012300379107,0.30022171024921607,0.8457849710625417,0.03796255322760362,0.014235957460351358
screen_year_X_obfuscation,"detected ~ C(model, Treatment(reference='Llama')) + C(prompt, Treatment(reference='evidence')) + C(parser, Treatment(reference='P1')) + C(year_num, Treatment(reference=2023)) + C(dataset_clean, Treatment(reference='nazario')) + C(obfuscation_clean, Treatment(reference='no')) + C(year_num, Treatment(reference=2023)):C(obfuscation_clean, Treatment(reference='no'))","C(obfuscation_clean, Treatment(reference='no'))[T.yes]",0.6656390191730165,0.38585565843520986,1.725098504120514,0.08450972208899189,1.9457334851582742,-0.0906241745909836,1.4219022129370167,0.9133609106414559,4.144997613930435,0.2101468433626298,0.09507343735011589
screen_year_X_obfuscation,"detected ~ C(model, Treatment(reference='Llama')) + C(prompt, Treatment(reference='evidence')) + C(parser, Treatment(reference='P1')) + C(year_num, Treatment(reference=2023)) + C(dataset_clean, Treatment(reference='nazario')) + C(obfuscation_clean, Treatment(reference='no')) + C(year_num, Treatment(reference=2023)):C(obfuscation_clean, Treatment(reference='no'))","C(year_num, Treatment(reference=2023))[T.2025]:C(obfuscation_clean, Treatment(reference='no'))[T.yes]",-0.921017673193224,0.5084018035913076,-1.8115940319000299,0.07004894778754327,0.39811368523428853,-1.9174668979073932,0.07543155152094516,0.1469788032898931,1.0783494138145902,0.2101468433626298,0.09006293286969848
screen_dataset_X_obfuscation,"detected ~ C(model, Treatment(reference='Llama')) + C(prompt, Treatment(reference='evidence')) + C(parser, Treatment(reference='P1')) + C(year_num, Treatment(reference=2023)) + C(dataset_clean, Treatment(reference='nazario')) + C(obfuscation_clean, Treatment(reference='no')) + C(dataset_clean, Treatment(reference='nazario')):C(obfuscation_clean, Treatment(reference='no'))",Intercept,3.7271072859192262,0.40372557352597427,9.231783989723993,2.661613787809596e-20,41.55871663405705,2.935819702170539,4.5183948696679135,18.836937487079027,91.6883081156134,1.8631296514667171e-19,7.984841363428789e-20
screen_dataset_X_obfuscation,"detected ~ C(model, Treatment(reference='Llama')) + C(prompt, Treatment(reference='evidence')) + C(parser, Treatment(reference='P1')) + C(year_num, Treatment(reference=2023)) + C(dataset_clean, Treatment(reference='nazario')) + C(obfuscation_clean, Treatment(reference='no')) + C(dataset_clean, Treatment(reference='nazario')):C(obfuscation_clean, Treatment(reference='no'))","C(model, Treatment(reference='Llama'))[T.Qwen]",-1.2591886798453542,0.1264244994577338,-9.96000526200482,2.2805064510087243e-23,0.28388425410993745,-1.506976145546016,-1.0114012141446924,0.22157898856574204,0.36370898817260633,1.8244051608069794e-22,1.026227902953926e-22
screen_dataset_X_obfuscation,"detected ~ C(model, Treatment(reference='Llama')) + C(prompt, Treatment(reference='evidence')) + C(parser, Treatment(reference='P1')) + C(year_num, Treatment(reference=2023)) + C(dataset_clean, Treatment(reference='nazario')) + C(obfuscation_clean, Treatment(reference='no')) + C(dataset_clean, Treatment(reference='nazario')):C(obfuscation_clean, Treatment(reference='no'))","C(prompt, Treatment(reference='evidence'))[T.guided]",-0.9743112698050121,0.10981651600489829,-8.872174288989042,7.173139916426062e-19,0.37745222680737694,-1.1895476860822791,-0.7590748535277451,0.3043588987031923,0.4680992871536934,4.3038839498556375e-18,1.6139564811958641e-18
screen_dataset_X_obfuscation,"detected ~ C(model, Treatment(reference='Llama')) + C(prompt, Treatment(reference='evidence')) + C(parser, Treatment(reference='P1')) + C(year_num, Treatment(reference=2023)) + C(dataset_clean, Treatment(reference='nazario')) + C(obfuscation_clean, Treatment(reference='no')) + C(dataset_clean, Treatment(reference='nazario')):C(obfuscation_clean, Treatment(reference='no'))","C(prompt, Treatment(reference='evidence'))[T.label]",-1.4588656864180372,0.1300609148328963,-11.216787828168084,3.373005397402333e-29,0.23249985295232667,-1.7137803952868453,-1.203950977549229,0.1801833392117464,0.30000654810447386,3.0357048576620998e-28,3.0357048576620998e-28
screen_dataset_X_obfuscation,"detected ~ C(model, Treatment(reference='Llama')) + C(prompt, Treatment(reference='evidence')) + C(parser, Treatment(reference='P1')) + C(year_num, Treatment(reference=2023)) + C(dataset_clean, Treatment(reference='nazario')) + C(obfuscation_clean, Treatment(reference='no')) + C(dataset_clean, Treatment(reference='nazario')):C(obfuscation_clean, Treatment(reference='no'))","C(parser, Treatment(reference='P1'))[T.P2]",-0.6934432339531206,0.12838323433170679,-5.401353514442976,6.613993689086217e-08,0.49985199521315304,-0.9450697494620321,-0.44181671844420906,0.38865246165621836,0.6428674504050254,3.306996844543108e-07,1.1905188640355189e-07
screen_dataset_X_obfuscation,"detected ~ C(model, Treatment(reference='Llama')) + C(prompt, Treatment(reference='evidence')) + C(parser, Treatment(reference='P1')) + C(year_num, Treatment(reference=2023)) + C(dataset_clean, Treatment(reference='nazario')) + C(obfuscation_clean, Treatment(reference='no')) + C(dataset_clean, Treatment(reference='nazario')):C(obfuscation_clean, Treatment(reference='no'))","C(year_num, Treatment(reference=2023))[T.2025]",-0.7983007958363786,0.2572434508491817,-3.1032890952174768,0.0019138258924953962,0.4500931148040389,-1.3024886947595742,-0.2941128969131829,0.271854387865849,0.7451923567772983,0.007655303569981585,0.0028707388387430944
screen_dataset_X_obfuscation,"detected ~ C(model, Treatment(reference='Llama')) + C(prompt, Treatment(reference='evidence')) + C(parser, Treatment(reference='P1')) + C(year_num, Treatment(reference=2023)) + C(dataset_clean, Treatment(reference='nazario')) + C(obfuscation_clean, Treatment(reference='no')) + C(dataset_clean, Treatment(reference='nazario')):C(obfuscation_clean, Treatment(reference='no'))","C(dataset_clean, Treatment(reference='nazario'))[T.spam_assassin]",-0.518616022949917,0.36776892372826075,-1.410168150403907,0.15849003784429605,0.5953439203972357,-1.2394298680903661,0.20219782219053217,0.28954925215700866,1.2240901363535812,0.47547011353288815,0.2037729057998092
screen_dataset_X_obfuscation,"detected ~ C(model, Treatment(reference='Llama')) + C(prompt, Treatment(reference='evidence')) + C(parser, Treatment(reference='P1')) + C(year_num, Treatment(reference=2023)) + C(dataset_clean, Treatment(reference='nazario')) + C(obfuscation_clean, Treatment(reference='no')) + C(dataset_clean, Treatment(reference='nazario')):C(obfuscation_clean, Treatment(reference='no'))","C(obfuscation_clean, Treatment(reference='no'))[T.yes]",0.436720202884652,0.431060630294315,1.013129411949481,0.31099835129017384,1.5476229960218202,-0.40814310764534073,1.2815835134146447,0.6648837220698441,3.602339564517046,0.6219967025803477,0.3498731452014456
screen_dataset_X_obfuscation,"detected ~ C(model, Treatment(reference='Llama')) + C(prompt, Treatment(reference='evidence')) + C(parser, Treatment(reference='P1')) + C(year_num, Treatment(reference=2023)) + C(dataset_clean, Treatment(reference='nazario')) + C(obfuscation_clean, Treatment(reference='no')) + C(dataset_clean, Treatment(reference='nazario')):C(obfuscation_clean, Treatment(reference='no'))","C(dataset_clean, Treatment(reference='nazario'))[T.spam_assassin]:C(obfuscation_clean, Treatment(reference='no'))[T.yes]",-0.37307821961421167,0.5283047877158602,-0.7061798951836595,0.4800762714760112,0.6886113678217999,-1.4085365763973765,0.662380137168953,0.2445008297536823,1.9394028902524352,0.6219967025803477,0.4800762714760112
combined_key_interactions,"detected ~ C(model, Treatment(reference='Llama')) + C(prompt, Treatment(reference='evidence')) + C(parser, Treatment(reference='P1')) + C(year_num, Treatment(reference=2023)) + C(dataset_clean, Treatment(reference='nazario')) + C(obfuscation_clean, Treatment(reference='no')) + C(model, Treatment(reference='Llama')):C(prompt, Treatment(reference='evidence')) + C(model, Treatment(reference='Llama')):C(parser, Treatment(reference='P1')) + C(prompt, Treatment(reference='evidence')):C(parser, Treatment(reference='P1')) + C(parser, Treatment(reference='P1')):C(obfuscation_clean, Treatment(reference='no')) + C(parser, Treatment(reference='P1')):C(dataset_clean, Treatment(reference='nazario')) + C(year_num, Treatment(reference=2023)):C(dataset_clean, Treatment(reference='nazario')) + C(prompt, Treatment(reference='evidence')):C(year_num, Treatment(reference=2023))",Intercept,2.98181084612888,0.4504739459349292,6.6192748171935385,3.609652437272358e-11,19.72350055059993,2.0988981361227754,3.864723556134985,8.157176860395255,47.6900869782865,6.497374387090244e-10,6.497374387090244e-10
combined_key_interactions,"detected ~ C(model, Treatment(reference='Llama')) + C(prompt, Treatment(reference='evidence')) + C(parser, Treatment(reference='P1')) + C(year_num, Treatment(reference=2023)) + C(dataset_clean, Treatment(reference='nazario')) + C(obfuscation_clean, Treatment(reference='no')) + C(model, Treatment(reference='Llama')):C(prompt, Treatment(reference='evidence')) + C(model, Treatment(reference='Llama')):C(parser, Treatment(reference='P1')) + C(prompt, Treatment(reference='evidence')):C(parser, Treatment(reference='P1')) + C(parser, Treatment(reference='P1')):C(obfuscation_clean, Treatment(reference='no')) + C(parser, Treatment(reference='P1')):C(dataset_clean, Treatment(reference='nazario')) + C(year_num, Treatment(reference=2023)):C(dataset_clean, Treatment(reference='nazario')) + C(prompt, Treatment(reference='evidence')):C(year_num, Treatment(reference=2023))","C(model, Treatment(reference='Llama'))[T.Qwen]",-1.700605924423181,0.30192590870954444,-5.632527303442448,1.775877190718981e-08,0.182572865172643,-2.292369831493416,-1.1088420173529459,0.10102676154021316,0.32994080567533707,2.8414035051503696e-07,1.0655263144313886e-07
combined_key_interactions,"detected ~ C(model, Treatment(reference='Llama')) + C(prompt, Treatment(reference='evidence')) + C(parser, Treatment(reference='P1')) + C(year_num, Treatment(reference=2023)) + C(dataset_clean, Treatment(reference='nazario')) + C(obfuscation_clean, Treatment(reference='no')) + C(model, Treatment(reference='Llama')):C(prompt, Treatment(reference='evidence')) + C(model, Treatment(reference='Llama')):C(parser, Treatment(reference='P1')) + C(prompt, Treatment(reference='evidence')):C(parser, Treatment(reference='P1')) + C(parser, Treatment(reference='P1')):C(obfuscation_clean, Treatment(reference='no')) + C(parser, Treatment(reference='P1')):C(dataset_clean, Treatment(reference='nazario')) + C(year_num, Treatment(reference=2023)):C(dataset_clean, Treatment(reference='nazario')) + C(prompt, Treatment(reference='evidence')):C(year_num, Treatment(reference=2023))","C(prompt, Treatment(reference='evidence'))[T.guided]",-1.893403653740153,0.30475923153757045,-6.212785234388334,5.205357301173937e-10,0.15055848679000827,-2.4907207715098947,-1.2960865359704115,0.08285022896454908,0.2736004260675789,8.849107411995694e-09,4.684821571056544e-09
combined_key_interactions,"detected ~ C(model, Treatment(reference='Llama')) + C(prompt, Treatment(reference='evidence')) + C(parser, Treatment(reference='P1')) + C(year_num, Treatment(reference=2023)) + C(dataset_clean, Treatment(reference='nazario')) + C(obfuscation_clean, Treatment(reference='no')) + C(model, Treatment(reference='Llama')):C(prompt, Treatment(reference='evidence')) + C(model, Treatment(reference='Llama')):C(parser, Treatment(reference='P1')) + C(prompt, Treatment(reference='evidence')):C(parser, Treatment(reference='P1')) + C(parser, Treatment(reference='P1')):C(obfuscation_clean, Treatment(reference='no')) + C(parser, Treatment(reference='P1')):C(dataset_clean, Treatment(reference='nazario')) + C(year_num, Treatment(reference=2023)):C(dataset_clean, Treatment(reference='nazario')) + C(prompt, Treatment(reference='evidence')):C(year_num, Treatment(reference=2023))","C(prompt, Treatment(reference='evidence'))[T.label]",-1.5055235836212093,0.3292448423926013,-4.572656545447045,4.815791735462738e-06,0.22190107963985245,-2.150831616806274,-0.8602155504361443,0.11638732785850067,0.42307087937611554,7.223687603194107e-05,2.1671062809582323e-05
combined_key_interactions,"detected ~ C(model, Treatment(reference='Llama')) + C(prompt, Treatment(reference='evidence')) + C(parser, Treatment(reference='P1')) + C(year_num, Treatment(reference=2023)) + C(dataset_clean, Treatment(reference='nazario')) + C(obfuscation_clean, Treatment(reference='no')) + C(model, Treatment(reference='Llama')):C(prompt, Treatment(reference='evidence')) + C(model, Treatment(reference='Llama')):C(parser, Treatment(reference='P1')) + C(prompt, Treatment(reference='evidence')):C(parser, Treatment(reference='P1')) + C(parser, Treatment(reference='P1')):C(obfuscation_clean, Treatment(reference='no')) + C(parser, Treatment(reference='P1')):C(dataset_clean, Treatment(reference='nazario')) + C(year_num, Treatment(reference=2023)):C(dataset_clean, Treatment(reference='nazario')) + C(prompt, Treatment(reference='evidence')):C(year_num, Treatment(reference=2023))","C(parser, Treatment(reference='P1'))[T.P2]",0.7396412558310024,0.27205145180638896,2.7187550403420873,0.006552811663692015,2.0951837447045216,0.20643020834864578,1.272852303313359,1.229281937606748,3.5710236925960372,0.06552811663692015,0.01310562332738403
combined_key_interactions,"detected ~ C(model, Treatment(reference='Llama')) + C(prompt, Treatment(reference='evidence')) + C(parser, Treatment(reference='P1')) + C(year_num, Treatment(reference=2023)) + C(dataset_clean, Treatment(reference='nazario')) + C(obfuscation_clean, Treatment(reference='no')) + C(model, Treatment(reference='Llama')):C(prompt, Treatment(reference='evidence')) + C(model, Treatment(reference='Llama')):C(parser, Treatment(reference='P1')) + C(prompt, Treatment(reference='evidence')):C(parser, Treatment(reference='P1')) + C(parser, Treatment(reference='P1')):C(obfuscation_clean, Treatment(reference='no')) + C(parser, Treatment(reference='P1')):C(dataset_clean, Treatment(reference='nazario')) + C(year_num, Treatment(reference=2023)):C(dataset_clean, Treatment(reference='nazario')) + C(prompt, Treatment(reference='evidence')):C(year_num, Treatment(reference=2023))","C(year_num, Treatment(reference=2023))[T.2025]",0.13966999450422565,0.4753300142296808,0.2938379448446458,0.7688817385169535,1.1498942648095642,-0.7919597141568601,1.0712997031653113,0.45295626013384516,2.9191710913791353,1.0,0.8141100760767743
combined_key_interactions,"detected ~ C(model, Treatment(reference='Llama')) + C(prompt, Treatment(reference='evidence')) + C(parser, Treatment(reference='P1')) + C(year_num, Treatment(reference=2023)) + C(dataset_clean, Treatment(reference='nazario')) + C(obfuscation_clean, Treatment(reference='no')) + C(model, Treatment(reference='Llama')):C(prompt, Treatment(reference='evidence')) + C(model, Treatment(reference='Llama')):C(parser, Treatment(reference='P1')) + C(prompt, Treatment(reference='evidence')):C(parser, Treatment(reference='P1')) + C(parser, Treatment(reference='P1')):C(obfuscation_clean, Treatment(reference='no')) + C(parser, Treatment(reference='P1')):C(dataset_clean, Treatment(reference='nazario')) + C(year_num, Treatment(reference=2023)):C(dataset_clean, Treatment(reference='nazario')) + C(prompt, Treatment(reference='evidence')):C(year_num, Treatment(reference=2023))","C(dataset_clean, Treatment(reference='nazario'))[T.spam_assassin]",0.6325122530197553,0.421393869844215,1.5010001290564303,0.13335552818877053,1.8823335422670093,-0.1934045551808652,1.4584290612203759,0.8241484931452204,4.29920043998568,0.6380619383487354,0.16002663382652463
combined_key_interactions,"detected ~ C(model, Treatment(reference='Llama')) + C(prompt, Treatment(reference='evidence')) + C(parser, Treatment(reference='P1')) + C(year_num, Treatment(reference=2023)) + C(dataset_clean, Treatment(reference='nazario')) + C(obfuscation_clean, Treatment(reference='no')) + C(model, Treatment(reference='Llama')):C(prompt, Treatment(reference='evidence')) + C(model, Treatment(reference='Llama')):C(parser, Treatment(reference='P1')) + C(prompt, Treatment(reference='evidence')):C(parser, Treatment(reference='P1')) + C(parser, Treatment(reference='P1')):C(obfuscation_clean, Treatment(reference='no')) + C(parser, Treatment(reference='P1')):C(dataset_clean, Treatment(reference='nazario')) + C(year_num, Treatment(reference=2023)):C(dataset_clean, Treatment(reference='nazario')) + C(prompt, Treatment(reference='evidence')):C(year_num, Treatment(reference=2023))","C(obfuscation_clean, Treatment(reference='no'))[T.yes]",0.9381325999430064,0.2974214872763463,3.154219315268737,0.0016092809857675642,2.555205369667465,0.3551971966530296,1.521068003232983,1.426461920064544,4.57711095497174,0.017702090843443208,0.0036208822179770194
combined_key_interactions,"detected ~ C(model, Treatment(reference='Llama')) + C(prompt, Treatment(reference='evidence')) + C(parser, Treatment(reference='P1')) + C(year_num, Treatment(reference=2023)) + C(dataset_clean, Treatment(reference='nazario')) + C(obfuscation_clean, Treatment(reference='no')) + C(model, Treatment(reference='Llama')):C(prompt, Treatment(reference='evidence')) + C(model, Treatment(reference='Llama')):C(parser, Treatment(reference='P1')) + C(prompt, Treatment(reference='evidence')):C(parser, Treatment(reference='P1')) + C(parser, Treatment(reference='P1')):C(obfuscation_clean, Treatment(reference='no')) + C(parser, Treatment(reference='P1')):C(dataset_clean, Treatment(reference='nazario')) + C(year_num, Treatment(reference=2023)):C(dataset_clean, Treatment(reference='nazario')) + C(prompt, Treatment(reference='evidence')):C(year_num, Treatment(reference=2023))","C(model, Treatment(reference='Llama'))[T.Qwen]:C(prompt, Treatment(reference='evidence'))[T.guided]",1.098126841135531,0.2727132254264584,4.026672485055767,5.657174432079808e-05,2.998544010834031,0.5636187411919195,1.6326349410791425,1.757019207606076,5.117340861150382,0.000678860931849577,0.0001454701996820522
combined_key_interactions,"detected ~ C(model, Treatment(reference='Llama')) + C(prompt, Treatment(reference='evidence')) + C(parser, Treatment(reference='P1')) + C(year_num, Treatment(reference=2023)) + C(dataset_clean, Treatment(reference='nazario')) + C(obfuscation_clean, Treatment(reference='no')) + C(model, Treatment(reference='Llama')):C(prompt, Treatment(reference='evidence')) + C(model, Treatment(reference='Llama')):C(parser, Treatment(reference='P1')) + C(prompt, Treatment(reference='evidence')):C(parser, Treatment(reference='P1')) + C(parser, Treatment(reference='P1')):C(obfuscation_clean, Treatment(reference='no')) + C(parser, Treatment(reference='P1')):C(dataset_clean, Treatment(reference='nazario')) + C(year_num, Treatment(reference=2023)):C(dataset_clean, Treatment(reference='nazario')) + C(prompt, Treatment(reference='evidence')):C(year_num, Treatment(reference=2023))","C(model, Treatment(reference='Llama'))[T.Qwen]:C(prompt, Treatment(reference='evidence'))[T.label]",0.5283449283281932,0.3271793940330135,1.6148478112129563,0.10634365639145589,1.696122779509595,-0.11291490046015229,1.1696047571165389,0.8932266700603658,3.220719420499315,0.6380619383487354,0.13975929870599257
combined_key_interactions,"detected ~ C(model, Treatment(reference='Llama')) + C(prompt, Treatment(reference='evidence')) + C(parser, Treatment(reference='P1')) + C(year_num, Treatment(reference=2023)) + C(dataset_clean, Treatment(reference='nazario')) + C(obfuscation_clean, Treatment(reference='no')) + C(model, Treatment(reference='Llama')):C(prompt, Treatment(reference='evidence')) + C(model, Treatment(reference='Llama')):C(parser, Treatment(reference='P1')) + C(prompt, Treatment(reference='evidence')):C(parser, Treatment(reference='P1')) + C(parser, Treatment(reference='P1')):C(obfuscation_clean, Treatment(reference='no')) + C(parser, Treatment(reference='P1')):C(dataset_clean, Treatment(reference='nazario')) + C(year_num, Treatment(reference=2023)):C(dataset_clean, Treatment(reference='nazario')) + C(prompt, Treatment(reference='evidence')):C(year_num, Treatment(reference=2023))","C(model, Treatment(reference='Llama'))[T.Qwen]:C(parser, Treatment(reference='P1'))[T.P2]",-0.4974738813197931,0.24018398910524769,-2.0712199975236567,0.03833824162317307,0.6080647649924585,-0.9682258496292393,-0.026721913010346876,0.3797561853716698,0.973631958261494,0.2683676913622115,0.05750736243475961
combined_key_interactions,"detected ~ C(model, Treatment(reference='Llama')) + C(prompt, Treatment(reference='evidence')) + C(parser, Treatment(reference='P1')) + C(year_num, Treatment(reference=2023)) + C(dataset_clean, Treatment(reference='nazario')) + C(obfuscation_clean, Treatment(reference='no')) + C(model, Treatment(reference='Llama')):C(prompt, Treatment(reference='evidence')) + C(model, Treatment(reference='Llama')):C(parser, Treatment(reference='P1')) + C(prompt, Treatment(reference='evidence')):C(parser, Treatment(reference='P1')) + C(parser, Treatment(reference='P1')):C(obfuscation_clean, Treatment(reference='no')) + C(parser, Treatment(reference='P1')):C(dataset_clean, Treatment(reference='nazario')) + C(year_num, Treatment(reference=2023)):C(dataset_clean, Treatment(reference='nazario')) + C(prompt, Treatment(reference='evidence')):C(year_num, Treatment(reference=2023))","C(prompt, Treatment(reference='evidence'))[T.guided]:C(parser, Treatment(reference='P1'))[T.P2]",0.27142224534455384,0.16920994049669696,1.6040561479297495,0.10870167677132757,1.3118288670892995,-0.06022314385513777,0.6030676345442454,0.9415544080605743,1.8277169771564408,0.6380619383487354,0.13975929870599257
combined_key_interactions,"detected ~ C(model, Treatment(reference='Llama')) + C(prompt, Treatment(reference='evidence')) + C(parser, Treatment(reference='P1')) + C(year_num, Treatment(reference=2023)) + C(dataset_clean, Treatment(reference='nazario')) + C(obfuscation_clean, Treatment(reference='no')) + C(model, Treatment(reference='Llama')):C(prompt, Treatment(reference='evidence')) + C(model, Treatment(reference='Llama')):C(parser, Treatment(reference='P1')) + C(prompt, Treatment(reference='evidence')):C(parser, Treatment(reference='P1')) + C(parser, Treatment(reference='P1')):C(obfuscation_clean, Treatment(reference='no')) + C(parser, Treatment(reference='P1')):C(dataset_clean, Treatment(reference='nazario')) + C(year_num, Treatment(reference=2023)):C(dataset_clean, Treatment(reference='nazario')) + C(prompt, Treatment(reference='evidence')):C(year_num, Treatment(reference=2023))","C(prompt, Treatment(reference='evidence'))[T.label]:C(parser, Treatment(reference='P1'))[T.P2]",-0.4544427983389495,0.1903947128837874,-2.3868456820874595,0.016993622788125086,0.6348015819178157,-0.8276095784380171,-0.08127601823988201,0.4370928747488531,0.9219391842909893,0.1359489823050007,0.02780774638056832
combined_key_interactions,"detected ~ C(model, Treatment(reference='Llama')) + C(prompt, Treatment(reference='evidence')) + C(parser, Treatment(reference='P1')) + C(year_num, Treatment(reference=2023)) + C(dataset_clean, Treatment(reference='nazario')) + C(obfuscation_clean, Treatment(reference='no')) + C(model, Treatment(reference='Llama')):C(prompt, Treatment(reference='evidence')) + C(model, Treatment(reference='Llama')):C(parser, Treatment(reference='P1')) + C(prompt, Treatment(reference='evidence')):C(parser, Treatment(reference='P1')) + C(parser, Treatment(reference='P1')):C(obfuscation_clean, Treatment(reference='no')) + C(parser, Treatment(reference='P1')):C(dataset_clean, Treatment(reference='nazario')) + C(year_num, Treatment(reference=2023)):C(dataset_clean, Treatment(reference='nazario')) + C(prompt, Treatment(reference='evidence')):C(year_num, Treatment(reference=2023))","C(parser, Treatment(reference='P1'))[T.P2]:C(obfuscation_clean, Treatment(reference='no'))[T.yes]",-1.0133913742990281,0.23561355994046917,-4.301074074663083,1.6997222466079585e-05,0.3629858688368896,-1.475185466051617,-0.5515972825464392,0.22873630029250616,0.5760289941158426,0.0002209638920590346,5.099166739823876e-05
combined_key_interactions,"detected ~ C(model, Treatment(reference='Llama')) + C(prompt, Treatment(reference='evidence')) + C(parser, Treatment(reference='P1')) + C(year_num, Treatment(reference=2023)) + C(dataset_clean, Treatment(reference='nazario')) + C(obfuscation_clean, Treatment(reference='no')) + C(model, Treatment(reference='Llama')):C(prompt, Treatment(reference='evidence')) + C(model, Treatment(reference='Llama')):C(parser, Treatment(reference='P1')) + C(prompt, Treatment(reference='evidence')):C(parser, Treatment(reference='P1')) + C(parser, Treatment(reference='P1')):C(obfuscation_clean, Treatment(reference='no')) + C(parser, Treatment(reference='P1')):C(dataset_clean, Treatment(reference='nazario')) + C(year_num, Treatment(reference=2023)):C(dataset_clean, Treatment(reference='nazario')) + C(prompt, Treatment(reference='evidence')):C(year_num, Treatment(reference=2023))","C(parser, Treatment(reference='P1'))[T.P2]:C(dataset_clean, Treatment(reference='nazario'))[T.spam_assassin]",-0.9805160191080546,0.2203100137910692,-4.450619389629407,8.56229761734893e-06,0.37511748111245,-1.4123157115720728,-0.5487163266440364,0.24357857183401974,0.5776909010372004,0.00011987216664288502,3.082427142245615e-05
combined_key_interactions,"detected ~ C(model, Treatment(reference='Llama')) + C(prompt, Treatment(reference='evidence')) + C(parser, Treatment(reference='P1')) + C(year_num, Treatment(reference=2023)) + C(dataset_clean, Treatment(reference='nazario')) + C(obfuscation_clean, Treatment(reference='no')) + C(model, Treatment(reference='Llama')):C(prompt, Treatment(reference='evidence')) + C(model, Treatment(reference='Llama')):C(parser, Treatment(reference='P1')) + C(prompt, Treatment(reference='evidence')):C(parser, Treatment(reference='P1')) + C(parser, Treatment(reference='P1')):C(obfuscation_clean, Treatment(reference='no')) + C(parser, Treatment(reference='P1')):C(dataset_clean, Treatment(reference='nazario')) + C(year_num, Treatment(reference=2023)):C(dataset_clean, Treatment(reference='nazario')) + C(prompt, Treatment(reference='evidence')):C(year_num, Treatment(reference=2023))","C(year_num, Treatment(reference=2023))[T.2025]:C(dataset_clean, Treatment(reference='nazario'))[T.spam_assassin]",-1.430258181864516,0.5437939157236754,-2.630147452019839,0.008534784098550742,0.2392471449952401,-2.496074671694929,-0.3644416920341027,0.08240784241181154,0.6945843346114512,0.07681305688695668,0.015362611377391335
combined_key_interactions,"detected ~ C(model, Treatment(reference='Llama')) + C(prompt, Treatment(reference='evidence')) + C(parser, Treatment(reference='P1')) + C(year_num, Treatment(reference=2023)) + C(dataset_clean, Treatment(reference='nazario')) + C(obfuscation_clean, Treatment(reference='no')) + C(model, Treatment(reference='Llama')):C(prompt, Treatment(reference='evidence')) + C(model, Treatment(reference='Llama')):C(parser, Treatment(reference='P1')) + C(prompt, Treatment(reference='evidence')):C(parser, Treatment(reference='P1')) + C(parser, Treatment(reference='P1')):C(obfuscation_clean, Treatment(reference='no')) + C(parser, Treatment(reference='P1')):C(dataset_clean, Treatment(reference='nazario')) + C(year_num, Treatment(reference=2023)):C(dataset_clean, Treatment(reference='nazario')) + C(prompt, Treatment(reference='evidence')):C(year_num, Treatment(reference=2023))","C(prompt, Treatment(reference='evidence'))[T.guided]:C(year_num, Treatment(reference=2023))[T.2025]",-0.027606493422246754,0.21177570361845724,-0.13035722677604042,0.8962838058502531,0.9727710833155082,-0.44267924531505176,0.38746625847055827,0.6423131990173798,1.4732432433001004,1.0,0.8962838058502531
combined_key_interactions,"detected ~ C(model, Treatment(reference='Llama')) + C(prompt, Treatment(reference='evidence')) + C(parser, Treatment(reference='P1')) + C(year_num, Treatment(reference=2023)) + C(dataset_clean, Treatment(reference='nazario')) + C(obfuscation_clean, Treatment(reference='no')) + C(model, Treatment(reference='Llama')):C(prompt, Treatment(reference='evidence')) + C(model, Treatment(reference='Llama')):C(parser, Treatment(reference='P1')) + C(prompt, Treatment(reference='evidence')):C(parser, Treatment(reference='P1')) + C(parser, Treatment(reference='P1')):C(obfuscation_clean, Treatment(reference='no')) + C(parser, Treatment(reference='P1')):C(dataset_clean, Treatment(reference='nazario')) + C(year_num, Treatment(reference=2023)):C(dataset_clean, Treatment(reference='nazario')) + C(prompt, Treatment(reference='evidence')):C(year_num, Treatment(reference=2023))","C(prompt, Treatment(reference='evidence'))[T.label]:C(year_num, Treatment(reference=2023))[T.2025]",-0.3329508877139529,0.25429111045149116,-1.309329638471444,0.19042271414066247,0.7168053972429493,-0.8313523057875725,0.16545053035966667,0.435460012876723,1.1799245908305247,0.6380619383487354,0.21422555340824528
